PDB,group,entry,residue,per_res_AI_0.217
R1156_conformation1_model10.pdb,del,0,1.0,0.0
R1156_conformation1_model1.pdb,ode,1,1.0,0.0
R1156_conformation1_model1.pdb_CENTERED.pdb,TER,D,1.0,0.0
R1156_conformation1_model2.pdb,ode,2,1.0,0.0
R1156_conformation1_model3.pdb,ode,3,1.0,0.0
R1156_conformation1_model4.pdb,ode,4,1.0,0.043478260869565
R1156_conformation1_model5.pdb,ode,5,1.0,0.0
R1156_conformation1_model6.pdb,ode,6,1.0,0.0
R1156_conformation1_model7.pdb,ode,7,1.0,0.0
R1156_conformation1_model8.pdb,ode,8,1.0,0.0
R1156_conformation1_model9.pdb,ode,9,1.0,0.0
R1156_conformation1_model10.pdb,del,0,2.0,0.391304347826087
R1156_conformation1_model1.pdb,ode,1,2.0,0.478260869565217
R1156_conformation1_model1.pdb_CENTERED.pdb,TER,D,2.0,0.478260869565217
R1156_conformation1_model2.pdb,ode,2,2.0,0.478260869565217
R1156_conformation1_model3.pdb,ode,3,2.0,0.478260869565217
R1156_conformation1_model4.pdb,ode,4,2.0,0.521739130434783
R1156_conformation1_model5.pdb,ode,5,2.0,0.391304347826087
R1156_conformation1_model6.pdb,ode,6,2.0,0.434782608695652
R1156_conformation1_model7.pdb,ode,7,2.0,0.434782608695652
R1156_conformation1_model8.pdb,ode,8,2.0,0.434782608695652
R1156_conformation1_model9.pdb,ode,9,2.0,0.391304347826087
R1156_conformation1_model10.pdb,del,0,3.0,0.5
R1156_conformation1_model1.pdb,ode,1,3.0,0.454545454545455
R1156_conformation1_model1.pdb_CENTERED.pdb,TER,D,3.0,0.454545454545455
R1156_conformation1_model2.pdb,ode,2,3.0,0.454545454545455
R1156_conformation1_model3.pdb,ode,3,3.0,0.545454545454545
R1156_conformation1_model4.pdb,ode,4,3.0,0.5
R1156_conformation1_model5.pdb,ode,5,3.0,0.454545454545455
R1156_conformation1_model6.pdb,ode,6,3.0,0.454545454545455
R1156_conformation1_model7.pdb,ode,7,3.0,0.454545454545455
R1156_conformation1_model8.pdb,ode,8,3.0,0.454545454545455
R1156_conformation1_model9.pdb,ode,9,3.0,0.454545454545455
R1156_conformation1_model10.pdb,del,0,4.0,0.565217391304348
R1156_conformation1_model1.pdb,ode,1,4.0,0.521739130434783
R1156_conformation1_model1.pdb_CENTERED.pdb,TER,D,4.0,0.521739130434783
R1156_conformation1_model2.pdb,ode,2,4.0,0.521739130434783
R1156_conformation1_model3.pdb,ode,3,4.0,0.608695652173913
R1156_conformation1_model4.pdb,ode,4,4.0,0.521739130434783
R1156_conformation1_model5.pdb,ode,5,4.0,0.521739130434783
R1156_conformation1_model6.pdb,ode,6,4.0,0.521739130434783
R1156_conformation1_model7.pdb,ode,7,4.0,0.521739130434783
R1156_conformation1_model8.pdb,ode,8,4.0,0.521739130434783
R1156_conformation1_model9.pdb,ode,9,4.0,0.521739130434783
R1156_conformation1_model10.pdb,del,0,5.0,0.1
R1156_conformation1_model1.pdb,ode,1,5.0,0.5
R1156_conformation1_model1.pdb_CENTERED.pdb,TER,D,5.0,0.5
R1156_conformation1_model2.pdb,ode,2,5.0,0.5
R1156_conformation1_model3.pdb,ode,3,5.0,0.5
R1156_conformation1_model4.pdb,ode,4,5.0,0.55
R1156_conformation1_model5.pdb,ode,5,5.0,0.4
R1156_conformation1_model6.pdb,ode,6,5.0,0.4
R1156_conformation1_model7.pdb,ode,7,5.0,0.4
R1156_conformation1_model8.pdb,ode,8,5.0,0.45
R1156_conformation1_model9.pdb,ode,9,5.0,0.4
R1156_conformation1_model10.pdb,del,0,6.0,0.454545454545455
R1156_conformation1_model1.pdb,ode,1,6.0,0.272727272727273
R1156_conformation1_model1.pdb_CENTERED.pdb,TER,D,6.0,0.272727272727273
R1156_conformation1_model2.pdb,ode,2,6.0,0.272727272727273
R1156_conformation1_model3.pdb,ode,3,6.0,0.0
R1156_conformation1_model4.pdb,ode,4,6.0,0.681818181818182
R1156_conformation1_model5.pdb,ode,5,6.0,0.5
R1156_conformation1_model6.pdb,ode,6,6.0,0.5
R1156_conformation1_model7.pdb,ode,7,6.0,0.5
R1156_conformation1_model8.pdb,ode,8,6.0,0.227272727272727
R1156_conformation1_model9.pdb,ode,9,6.0,0.272727272727273
R1156_conformation1_model10.pdb,del,0,7.0,0.55
R1156_conformation1_model1.pdb,ode,1,7.0,0.65
R1156_conformation1_model1.pdb_CENTERED.pdb,TER,D,7.0,0.65
R1156_conformation1_model2.pdb,ode,2,7.0,0.6
R1156_conformation1_model3.pdb,ode,3,7.0,0.75
R1156_conformation1_model4.pdb,ode,4,7.0,0.7
R1156_conformation1_model5.pdb,ode,5,7.0,0.6
R1156_conformation1_model6.pdb,ode,6,7.0,0.7
R1156_conformation1_model7.pdb,ode,7,7.0,0.65
R1156_conformation1_model8.pdb,ode,8,7.0,0.55
R1156_conformation1_model9.pdb,ode,9,7.0,0.55
R1156_conformation1_model10.pdb,del,0,8.0,0.75
R1156_conformation1_model1.pdb,ode,1,8.0,0.8
R1156_conformation1_model1.pdb_CENTERED.pdb,TER,D,8.0,0.8
R1156_conformation1_model2.pdb,ode,2,8.0,0.7
R1156_conformation1_model3.pdb,ode,3,8.0,0.85
R1156_conformation1_model4.pdb,ode,4,8.0,0.85
R1156_conformation1_model5.pdb,ode,5,8.0,0.6
R1156_conformation1_model6.pdb,ode,6,8.0,0.65
R1156_conformation1_model7.pdb,ode,7,8.0,0.6
R1156_conformation1_model8.pdb,ode,8,8.0,0.65
R1156_conformation1_model9.pdb,ode,9,8.0,0.7
R1156_conformation1_model10.pdb,del,0,9.0,0.956521739130435
R1156_conformation1_model1.pdb,ode,1,9.0,0.956521739130435
R1156_conformation1_model1.pdb_CENTERED.pdb,TER,D,9.0,0.956521739130435
R1156_conformation1_model2.pdb,ode,2,9.0,0.956521739130435
R1156_conformation1_model3.pdb,ode,3,9.0,0.956521739130435
R1156_conformation1_model4.pdb,ode,4,9.0,0.869565217391304
R1156_conformation1_model5.pdb,ode,5,9.0,0.869565217391304
R1156_conformation1_model6.pdb,ode,6,9.0,0.956521739130435
R1156_conformation1_model7.pdb,ode,7,9.0,0.91304347826087
R1156_conformation1_model8.pdb,ode,8,9.0,0.695652173913043
R1156_conformation1_model9.pdb,ode,9,9.0,0.869565217391304
R1156_conformation1_model10.pdb,del,0,10.0,0.9
R1156_conformation1_model1.pdb,ode,1,10.0,0.85
R1156_conformation1_model1.pdb_CENTERED.pdb,TER,D,10.0,0.85
R1156_conformation1_model2.pdb,ode,2,10.0,0.85
R1156_conformation1_model3.pdb,ode,3,10.0,0.9
R1156_conformation1_model4.pdb,ode,4,10.0,0.75
R1156_conformation1_model5.pdb,ode,5,10.0,0.75
R1156_conformation1_model6.pdb,ode,6,10.0,0.85
R1156_conformation1_model7.pdb,ode,7,10.0,0.75
R1156_conformation1_model8.pdb,ode,8,10.0,0.85
R1156_conformation1_model9.pdb,ode,9,10.0,0.95
R1156_conformation1_model10.pdb,del,0,11.0,0.782608695652174
R1156_conformation1_model1.pdb,ode,1,11.0,0.695652173913043
R1156_conformation1_model1.pdb_CENTERED.pdb,TER,D,11.0,0.695652173913043
R1156_conformation1_model2.pdb,ode,2,11.0,0.652173913043478
R1156_conformation1_model3.pdb,ode,3,11.0,0.739130434782609
R1156_conformation1_model4.pdb,ode,4,11.0,0.521739130434783
R1156_conformation1_model5.pdb,ode,5,11.0,0.695652173913043
R1156_conformation1_model6.pdb,ode,6,11.0,0.652173913043478
R1156_conformation1_model7.pdb,ode,7,11.0,0.652173913043478
R1156_conformation1_model8.pdb,ode,8,11.0,0.739130434782609
R1156_conformation1_model9.pdb,ode,9,11.0,0.739130434782609
R1156_conformation1_model10.pdb,del,0,12.0,0.4
R1156_conformation1_model1.pdb,ode,1,12.0,0.0
R1156_conformation1_model1.pdb_CENTERED.pdb,TER,D,12.0,0.0
R1156_conformation1_model2.pdb,ode,2,12.0,0.2
R1156_conformation1_model3.pdb,ode,3,12.0,0.0
R1156_conformation1_model4.pdb,ode,4,12.0,0.0
R1156_conformation1_model5.pdb,ode,5,12.0,0.2
R1156_conformation1_model6.pdb,ode,6,12.0,0.2
R1156_conformation1_model7.pdb,ode,7,12.0,0.35
R1156_conformation1_model8.pdb,ode,8,12.0,0.4
R1156_conformation1_model9.pdb,ode,9,12.0,0.4
R1156_conformation1_model10.pdb,del,0,13.0,0.4
R1156_conformation1_model1.pdb,ode,1,13.0,0.5
R1156_conformation1_model1.pdb_CENTERED.pdb,TER,D,13.0,0.5
R1156_conformation1_model2.pdb,ode,2,13.0,0.4
R1156_conformation1_model3.pdb,ode,3,13.0,0.4
R1156_conformation1_model4.pdb,ode,4,13.0,0.6
R1156_conformation1_model5.pdb,ode,5,13.0,0.4
R1156_conformation1_model6.pdb,ode,6,13.0,0.4
R1156_conformation1_model7.pdb,ode,7,13.0,0.4
R1156_conformation1_model8.pdb,ode,8,13.0,0.4
R1156_conformation1_model9.pdb,ode,9,13.0,0.4
R1156_conformation1_model10.pdb,del,0,14.0,0.65
R1156_conformation1_model1.pdb,ode,1,14.0,0.55
R1156_conformation1_model1.pdb_CENTERED.pdb,TER,D,14.0,0.55
R1156_conformation1_model2.pdb,ode,2,14.0,0.6
R1156_conformation1_model3.pdb,ode,3,14.0,0.65
R1156_conformation1_model4.pdb,ode,4,14.0,0.75
R1156_conformation1_model5.pdb,ode,5,14.0,0.65
R1156_conformation1_model6.pdb,ode,6,14.0,0.6
R1156_conformation1_model7.pdb,ode,7,14.0,0.6
R1156_conformation1_model8.pdb,ode,8,14.0,0.6
R1156_conformation1_model9.pdb,ode,9,14.0,0.55
R1156_conformation1_model10.pdb,del,0,15.0,0.5
R1156_conformation1_model1.pdb,ode,1,15.0,0.45
R1156_conformation1_model1.pdb_CENTERED.pdb,TER,D,15.0,0.45
R1156_conformation1_model2.pdb,ode,2,15.0,0.4
R1156_conformation1_model3.pdb,ode,3,15.0,0.65
R1156_conformation1_model4.pdb,ode,4,15.0,0.45
R1156_conformation1_model5.pdb,ode,5,15.0,0.4
R1156_conformation1_model6.pdb,ode,6,15.0,0.45
R1156_conformation1_model7.pdb,ode,7,15.0,0.6
R1156_conformation1_model8.pdb,ode,8,15.0,0.5
R1156_conformation1_model9.pdb,ode,9,15.0,0.55
R1156_conformation1_model10.pdb,del,0,16.0,0.772727272727273
R1156_conformation1_model1.pdb,ode,1,16.0,0.727272727272727
R1156_conformation1_model1.pdb_CENTERED.pdb,TER,D,16.0,0.727272727272727
R1156_conformation1_model2.pdb,ode,2,16.0,0.545454545454545
R1156_conformation1_model3.pdb,ode,3,16.0,0.772727272727273
R1156_conformation1_model4.pdb,ode,4,16.0,0.772727272727273
R1156_conformation1_model5.pdb,ode,5,16.0,0.772727272727273
R1156_conformation1_model6.pdb,ode,6,16.0,0.772727272727273
R1156_conformation1_model7.pdb,ode,7,16.0,0.545454545454545
R1156_conformation1_model8.pdb,ode,8,16.0,0.590909090909091
R1156_conformation1_model9.pdb,ode,9,16.0,0.681818181818182
R1156_conformation1_model10.pdb,del,0,17.0,0.727272727272727
R1156_conformation1_model1.pdb,ode,1,17.0,0.818181818181818
R1156_conformation1_model1.pdb_CENTERED.pdb,TER,D,17.0,0.818181818181818
R1156_conformation1_model2.pdb,ode,2,17.0,0.681818181818182
R1156_conformation1_model3.pdb,ode,3,17.0,0.818181818181818
R1156_conformation1_model4.pdb,ode,4,17.0,0.772727272727273
R1156_conformation1_model5.pdb,ode,5,17.0,0.727272727272727
R1156_conformation1_model6.pdb,ode,6,17.0,0.909090909090909
R1156_conformation1_model7.pdb,ode,7,17.0,0.636363636363636
R1156_conformation1_model8.pdb,ode,8,17.0,0.727272727272727
R1156_conformation1_model9.pdb,ode,9,17.0,0.772727272727273
R1156_conformation1_model10.pdb,del,0,18.0,0.826086956521739
R1156_conformation1_model1.pdb,ode,1,18.0,0.826086956521739
R1156_conformation1_model1.pdb_CENTERED.pdb,TER,D,18.0,0.826086956521739
R1156_conformation1_model2.pdb,ode,2,18.0,0.826086956521739
R1156_conformation1_model3.pdb,ode,3,18.0,0.782608695652174
R1156_conformation1_model4.pdb,ode,4,18.0,0.826086956521739
R1156_conformation1_model5.pdb,ode,5,18.0,0.782608695652174
R1156_conformation1_model6.pdb,ode,6,18.0,0.826086956521739
R1156_conformation1_model7.pdb,ode,7,18.0,0.826086956521739
R1156_conformation1_model8.pdb,ode,8,18.0,0.826086956521739
R1156_conformation1_model9.pdb,ode,9,18.0,0.869565217391304
R1156_conformation1_model10.pdb,del,0,19.0,0.8
R1156_conformation1_model1.pdb,ode,1,19.0,0.85
R1156_conformation1_model1.pdb_CENTERED.pdb,TER,D,19.0,0.85
R1156_conformation1_model2.pdb,ode,2,19.0,0.9
R1156_conformation1_model3.pdb,ode,3,19.0,0.8
R1156_conformation1_model4.pdb,ode,4,19.0,0.75
R1156_conformation1_model5.pdb,ode,5,19.0,0.8
R1156_conformation1_model6.pdb,ode,6,19.0,0.8
R1156_conformation1_model7.pdb,ode,7,19.0,0.8
R1156_conformation1_model8.pdb,ode,8,19.0,0.8
R1156_conformation1_model9.pdb,ode,9,19.0,0.8
R1156_conformation1_model10.pdb,del,0,20.0,0.91304347826087
R1156_conformation1_model1.pdb,ode,1,20.0,0.869565217391304
R1156_conformation1_model1.pdb_CENTERED.pdb,TER,D,20.0,0.869565217391304
R1156_conformation1_model2.pdb,ode,2,20.0,0.91304347826087
R1156_conformation1_model3.pdb,ode,3,20.0,0.869565217391304
R1156_conformation1_model4.pdb,ode,4,20.0,0.869565217391304
R1156_conformation1_model5.pdb,ode,5,20.0,0.869565217391304
R1156_conformation1_model6.pdb,ode,6,20.0,0.869565217391304
R1156_conformation1_model7.pdb,ode,7,20.0,0.91304347826087
R1156_conformation1_model8.pdb,ode,8,20.0,0.91304347826087
R1156_conformation1_model9.pdb,ode,9,20.0,0.869565217391304
R1156_conformation1_model10.pdb,del,0,21.0,0.9
R1156_conformation1_model1.pdb,ode,1,21.0,1.0
R1156_conformation1_model1.pdb_CENTERED.pdb,TER,D,21.0,1.0
R1156_conformation1_model2.pdb,ode,2,21.0,0.95
R1156_conformation1_model3.pdb,ode,3,21.0,1.0
R1156_conformation1_model4.pdb,ode,4,21.0,0.95
R1156_conformation1_model5.pdb,ode,5,21.0,1.0
R1156_conformation1_model6.pdb,ode,6,21.0,0.9
R1156_conformation1_model7.pdb,ode,7,21.0,0.9
R1156_conformation1_model8.pdb,ode,8,21.0,0.95
R1156_conformation1_model9.pdb,ode,9,21.0,0.95
R1156_conformation1_model10.pdb,del,0,22.0,1.0
R1156_conformation1_model1.pdb,ode,1,22.0,0.95
R1156_conformation1_model1.pdb_CENTERED.pdb,TER,D,22.0,0.95
R1156_conformation1_model2.pdb,ode,2,22.0,1.0
R1156_conformation1_model3.pdb,ode,3,22.0,0.95
R1156_conformation1_model4.pdb,ode,4,22.0,0.9
R1156_conformation1_model5.pdb,ode,5,22.0,1.0
R1156_conformation1_model6.pdb,ode,6,22.0,0.9
R1156_conformation1_model7.pdb,ode,7,22.0,0.95
R1156_conformation1_model8.pdb,ode,8,22.0,0.95
R1156_conformation1_model9.pdb,ode,9,22.0,0.9
R1156_conformation1_model10.pdb,del,0,23.0,1.0
R1156_conformation1_model1.pdb,ode,1,23.0,1.0
R1156_conformation1_model1.pdb_CENTERED.pdb,TER,D,23.0,1.0
R1156_conformation1_model2.pdb,ode,2,23.0,1.0
R1156_conformation1_model3.pdb,ode,3,23.0,0.9
R1156_conformation1_model4.pdb,ode,4,23.0,0.9
R1156_conformation1_model5.pdb,ode,5,23.0,0.95
R1156_conformation1_model6.pdb,ode,6,23.0,0.95
R1156_conformation1_model7.pdb,ode,7,23.0,0.9
R1156_conformation1_model8.pdb,ode,8,23.0,1.0
R1156_conformation1_model9.pdb,ode,9,23.0,0.95
R1156_conformation1_model10.pdb,del,0,24.0,0.95
R1156_conformation1_model1.pdb,ode,1,24.0,0.95
R1156_conformation1_model1.pdb_CENTERED.pdb,TER,D,24.0,0.95
R1156_conformation1_model2.pdb,ode,2,24.0,1.0
R1156_conformation1_model3.pdb,ode,3,24.0,1.0
R1156_conformation1_model4.pdb,ode,4,24.0,0.95
R1156_conformation1_model5.pdb,ode,5,24.0,1.0
R1156_conformation1_model6.pdb,ode,6,24.0,1.0
R1156_conformation1_model7.pdb,ode,7,24.0,1.0
R1156_conformation1_model8.pdb,ode,8,24.0,0.95
R1156_conformation1_model9.pdb,ode,9,24.0,0.8
R1156_conformation1_model10.pdb,del,0,25.0,0.818181818181818
R1156_conformation1_model1.pdb,ode,1,25.0,0.909090909090909
R1156_conformation1_model1.pdb_CENTERED.pdb,TER,D,25.0,0.909090909090909
R1156_conformation1_model2.pdb,ode,2,25.0,0.863636363636364
R1156_conformation1_model3.pdb,ode,3,25.0,0.818181818181818
R1156_conformation1_model4.pdb,ode,4,25.0,0.909090909090909
R1156_conformation1_model5.pdb,ode,5,25.0,0.863636363636364
R1156_conformation1_model6.pdb,ode,6,25.0,0.909090909090909
R1156_conformation1_model7.pdb,ode,7,25.0,0.909090909090909
R1156_conformation1_model8.pdb,ode,8,25.0,0.909090909090909
R1156_conformation1_model9.pdb,ode,9,25.0,0.818181818181818
R1156_conformation1_model10.pdb,del,0,26.0,0.75
R1156_conformation1_model1.pdb,ode,1,26.0,0.85
R1156_conformation1_model1.pdb_CENTERED.pdb,TER,D,26.0,0.85
R1156_conformation1_model2.pdb,ode,2,26.0,0.85
R1156_conformation1_model3.pdb,ode,3,26.0,0.65
R1156_conformation1_model4.pdb,ode,4,26.0,0.9
R1156_conformation1_model5.pdb,ode,5,26.0,0.9
R1156_conformation1_model6.pdb,ode,6,26.0,0.8
R1156_conformation1_model7.pdb,ode,7,26.0,0.9
R1156_conformation1_model8.pdb,ode,8,26.0,0.9
R1156_conformation1_model9.pdb,ode,9,26.0,0.8
R1156_conformation1_model10.pdb,del,0,27.0,0.739130434782609
R1156_conformation1_model1.pdb,ode,1,27.0,0.956521739130435
R1156_conformation1_model1.pdb_CENTERED.pdb,TER,D,27.0,0.956521739130435
R1156_conformation1_model2.pdb,ode,2,27.0,0.91304347826087
R1156_conformation1_model3.pdb,ode,3,27.0,0.869565217391304
R1156_conformation1_model4.pdb,ode,4,27.0,0.956521739130435
R1156_conformation1_model5.pdb,ode,5,27.0,0.91304347826087
R1156_conformation1_model6.pdb,ode,6,27.0,0.956521739130435
R1156_conformation1_model7.pdb,ode,7,27.0,1.0
R1156_conformation1_model8.pdb,ode,8,27.0,0.91304347826087
R1156_conformation1_model9.pdb,ode,9,27.0,0.521739130434783
R1156_conformation1_model10.pdb,del,0,28.0,0.826086956521739
R1156_conformation1_model1.pdb,ode,1,28.0,0.91304347826087
R1156_conformation1_model1.pdb_CENTERED.pdb,TER,D,28.0,0.91304347826087
R1156_conformation1_model2.pdb,ode,2,28.0,0.91304347826087
R1156_conformation1_model3.pdb,ode,3,28.0,0.826086956521739
R1156_conformation1_model4.pdb,ode,4,28.0,0.956521739130435
R1156_conformation1_model5.pdb,ode,5,28.0,0.91304347826087
R1156_conformation1_model6.pdb,ode,6,28.0,0.826086956521739
R1156_conformation1_model7.pdb,ode,7,28.0,0.91304347826087
R1156_conformation1_model8.pdb,ode,8,28.0,0.826086956521739
R1156_conformation1_model9.pdb,ode,9,28.0,0.608695652173913
R1156_conformation1_model10.pdb,del,0,29.0,0.9
R1156_conformation1_model1.pdb,ode,1,29.0,0.9
R1156_conformation1_model1.pdb_CENTERED.pdb,TER,D,29.0,0.9
R1156_conformation1_model2.pdb,ode,2,29.0,0.95
R1156_conformation1_model3.pdb,ode,3,29.0,0.85
R1156_conformation1_model4.pdb,ode,4,29.0,1.0
R1156_conformation1_model5.pdb,ode,5,29.0,0.9
R1156_conformation1_model6.pdb,ode,6,29.0,0.95
R1156_conformation1_model7.pdb,ode,7,29.0,1.0
R1156_conformation1_model8.pdb,ode,8,29.0,0.9
R1156_conformation1_model9.pdb,ode,9,29.0,0.95
R1156_conformation1_model10.pdb,del,0,30.0,0.7
R1156_conformation1_model1.pdb,ode,1,30.0,0.75
R1156_conformation1_model1.pdb_CENTERED.pdb,TER,D,30.0,0.75
R1156_conformation1_model2.pdb,ode,2,30.0,0.85
R1156_conformation1_model3.pdb,ode,3,30.0,0.85
R1156_conformation1_model4.pdb,ode,4,30.0,0.85
R1156_conformation1_model5.pdb,ode,5,30.0,0.65
R1156_conformation1_model6.pdb,ode,6,30.0,0.85
R1156_conformation1_model7.pdb,ode,7,30.0,0.85
R1156_conformation1_model8.pdb,ode,8,30.0,0.75
R1156_conformation1_model9.pdb,ode,9,30.0,0.9
R1156_conformation1_model10.pdb,del,0,31.0,0.772727272727273
R1156_conformation1_model1.pdb,ode,1,31.0,0.772727272727273
R1156_conformation1_model1.pdb_CENTERED.pdb,TER,D,31.0,0.772727272727273
R1156_conformation1_model2.pdb,ode,2,31.0,0.818181818181818
R1156_conformation1_model3.pdb,ode,3,31.0,0.818181818181818
R1156_conformation1_model4.pdb,ode,4,31.0,0.772727272727273
R1156_conformation1_model5.pdb,ode,5,31.0,0.772727272727273
R1156_conformation1_model6.pdb,ode,6,31.0,0.772727272727273
R1156_conformation1_model7.pdb,ode,7,31.0,0.818181818181818
R1156_conformation1_model8.pdb,ode,8,31.0,0.636363636363636
R1156_conformation1_model9.pdb,ode,9,31.0,0.727272727272727
R1156_conformation1_model10.pdb,del,0,32.0,0.75
R1156_conformation1_model1.pdb,ode,1,32.0,0.8
R1156_conformation1_model1.pdb_CENTERED.pdb,TER,D,32.0,0.8
R1156_conformation1_model2.pdb,ode,2,32.0,0.85
R1156_conformation1_model3.pdb,ode,3,32.0,0.85
R1156_conformation1_model4.pdb,ode,4,32.0,0.85
R1156_conformation1_model5.pdb,ode,5,32.0,0.85
R1156_conformation1_model6.pdb,ode,6,32.0,0.85
R1156_conformation1_model7.pdb,ode,7,32.0,0.85
R1156_conformation1_model8.pdb,ode,8,32.0,0.8
R1156_conformation1_model9.pdb,ode,9,32.0,0.85
R1156_conformation1_model10.pdb,del,0,33.0,0.454545454545455
R1156_conformation1_model1.pdb,ode,1,33.0,0.454545454545455
R1156_conformation1_model1.pdb_CENTERED.pdb,TER,D,33.0,0.454545454545455
R1156_conformation1_model2.pdb,ode,2,33.0,0.0
R1156_conformation1_model3.pdb,ode,3,33.0,0.636363636363636
R1156_conformation1_model4.pdb,ode,4,33.0,0.454545454545455
R1156_conformation1_model5.pdb,ode,5,33.0,0.272727272727273
R1156_conformation1_model6.pdb,ode,6,33.0,0.5
R1156_conformation1_model7.pdb,ode,7,33.0,0.454545454545455
R1156_conformation1_model8.pdb,ode,8,33.0,0.5
R1156_conformation1_model9.pdb,ode,9,33.0,0.863636363636364
R1156_conformation1_model10.pdb,del,0,34.0,0.0
R1156_conformation1_model1.pdb,ode,1,34.0,0.045454545454545
R1156_conformation1_model1.pdb_CENTERED.pdb,TER,D,34.0,0.045454545454545
R1156_conformation1_model2.pdb,ode,2,34.0,0.0
R1156_conformation1_model3.pdb,ode,3,34.0,0.045454545454545
R1156_conformation1_model4.pdb,ode,4,34.0,0.0
R1156_conformation1_model5.pdb,ode,5,34.0,0.045454545454545
R1156_conformation1_model6.pdb,ode,6,34.0,0.0
R1156_conformation1_model7.pdb,ode,7,34.0,0.0
R1156_conformation1_model8.pdb,ode,8,34.0,0.227272727272727
R1156_conformation1_model9.pdb,ode,9,34.0,0.0
R1156_conformation1_model10.pdb,del,0,35.0,0.3
R1156_conformation1_model1.pdb,ode,1,35.0,0.65
R1156_conformation1_model1.pdb_CENTERED.pdb,TER,D,35.0,0.65
R1156_conformation1_model2.pdb,ode,2,35.0,0.6
R1156_conformation1_model3.pdb,ode,3,35.0,0.4
R1156_conformation1_model4.pdb,ode,4,35.0,0.5
R1156_conformation1_model5.pdb,ode,5,35.0,0.55
R1156_conformation1_model6.pdb,ode,6,35.0,0.25
R1156_conformation1_model7.pdb,ode,7,35.0,0.55
R1156_conformation1_model8.pdb,ode,8,35.0,0.3
R1156_conformation1_model9.pdb,ode,9,35.0,0.05
R1156_conformation1_model10.pdb,del,0,36.0,0.772727272727273
R1156_conformation1_model1.pdb,ode,1,36.0,0.772727272727273
R1156_conformation1_model1.pdb_CENTERED.pdb,TER,D,36.0,0.772727272727273
R1156_conformation1_model2.pdb,ode,2,36.0,0.863636363636364
R1156_conformation1_model3.pdb,ode,3,36.0,0.772727272727273
R1156_conformation1_model4.pdb,ode,4,36.0,0.727272727272727
R1156_conformation1_model5.pdb,ode,5,36.0,0.727272727272727
R1156_conformation1_model6.pdb,ode,6,36.0,0.909090909090909
R1156_conformation1_model7.pdb,ode,7,36.0,0.727272727272727
R1156_conformation1_model8.pdb,ode,8,36.0,0.863636363636364
R1156_conformation1_model9.pdb,ode,9,36.0,0.727272727272727
R1156_conformation1_model10.pdb,del,0,37.0,1.0
R1156_conformation1_model1.pdb,ode,1,37.0,0.95
R1156_conformation1_model1.pdb_CENTERED.pdb,TER,D,37.0,0.95
R1156_conformation1_model2.pdb,ode,2,37.0,0.95
R1156_conformation1_model3.pdb,ode,3,37.0,1.0
R1156_conformation1_model4.pdb,ode,4,37.0,0.95
R1156_conformation1_model5.pdb,ode,5,37.0,0.85
R1156_conformation1_model6.pdb,ode,6,37.0,1.0
R1156_conformation1_model7.pdb,ode,7,37.0,0.95
R1156_conformation1_model8.pdb,ode,8,37.0,1.0
R1156_conformation1_model9.pdb,ode,9,37.0,0.95
R1156_conformation1_model10.pdb,del,0,38.0,0.545454545454545
R1156_conformation1_model1.pdb,ode,1,38.0,0.409090909090909
R1156_conformation1_model1.pdb_CENTERED.pdb,TER,D,38.0,0.409090909090909
R1156_conformation1_model2.pdb,ode,2,38.0,0.363636363636364
R1156_conformation1_model3.pdb,ode,3,38.0,0.5
R1156_conformation1_model4.pdb,ode,4,38.0,0.409090909090909
R1156_conformation1_model5.pdb,ode,5,38.0,0.545454545454545
R1156_conformation1_model6.pdb,ode,6,38.0,0.454545454545455
R1156_conformation1_model7.pdb,ode,7,38.0,0.454545454545455
R1156_conformation1_model8.pdb,ode,8,38.0,0.318181818181818
R1156_conformation1_model9.pdb,ode,9,38.0,0.681818181818182
R1156_conformation1_model10.pdb,del,0,39.0,0.35
R1156_conformation1_model1.pdb,ode,1,39.0,0.35
R1156_conformation1_model1.pdb_CENTERED.pdb,TER,D,39.0,0.35
R1156_conformation1_model2.pdb,ode,2,39.0,0.4
R1156_conformation1_model3.pdb,ode,3,39.0,0.35
R1156_conformation1_model4.pdb,ode,4,39.0,0.35
R1156_conformation1_model5.pdb,ode,5,39.0,0.35
R1156_conformation1_model6.pdb,ode,6,39.0,0.35
R1156_conformation1_model7.pdb,ode,7,39.0,0.35
R1156_conformation1_model8.pdb,ode,8,39.0,0.35
R1156_conformation1_model9.pdb,ode,9,39.0,0.45
R1156_conformation1_model10.pdb,del,0,40.0,0.35
R1156_conformation1_model1.pdb,ode,1,40.0,0.4
R1156_conformation1_model1.pdb_CENTERED.pdb,TER,D,40.0,0.4
R1156_conformation1_model2.pdb,ode,2,40.0,0.4
R1156_conformation1_model3.pdb,ode,3,40.0,0.4
R1156_conformation1_model4.pdb,ode,4,40.0,0.4
R1156_conformation1_model5.pdb,ode,5,40.0,0.4
R1156_conformation1_model6.pdb,ode,6,40.0,0.4
R1156_conformation1_model7.pdb,ode,7,40.0,0.4
R1156_conformation1_model8.pdb,ode,8,40.0,0.4
R1156_conformation1_model9.pdb,ode,9,40.0,0.5
R1156_conformation1_model10.pdb,del,0,41.0,0.347826086956522
R1156_conformation1_model1.pdb,ode,1,41.0,0.391304347826087
R1156_conformation1_model1.pdb_CENTERED.pdb,TER,D,41.0,0.391304347826087
R1156_conformation1_model2.pdb,ode,2,41.0,0.434782608695652
R1156_conformation1_model3.pdb,ode,3,41.0,0.434782608695652
R1156_conformation1_model4.pdb,ode,4,41.0,0.434782608695652
R1156_conformation1_model5.pdb,ode,5,41.0,0.391304347826087
R1156_conformation1_model6.pdb,ode,6,41.0,0.434782608695652
R1156_conformation1_model7.pdb,ode,7,41.0,0.478260869565217
R1156_conformation1_model8.pdb,ode,8,41.0,0.478260869565217
R1156_conformation1_model9.pdb,ode,9,41.0,0.478260869565217
R1156_conformation1_model10.pdb,del,0,42.0,0.4
R1156_conformation1_model1.pdb,ode,1,42.0,0.4
R1156_conformation1_model1.pdb_CENTERED.pdb,TER,D,42.0,0.4
R1156_conformation1_model2.pdb,ode,2,42.0,0.4
R1156_conformation1_model3.pdb,ode,3,42.0,0.4
R1156_conformation1_model4.pdb,ode,4,42.0,0.4
R1156_conformation1_model5.pdb,ode,5,42.0,0.4
R1156_conformation1_model6.pdb,ode,6,42.0,0.4
R1156_conformation1_model7.pdb,ode,7,42.0,0.4
R1156_conformation1_model8.pdb,ode,8,42.0,0.4
R1156_conformation1_model9.pdb,ode,9,42.0,0.35
R1156_conformation1_model10.pdb,del,0,43.0,0.35
R1156_conformation1_model1.pdb,ode,1,43.0,0.2
R1156_conformation1_model1.pdb_CENTERED.pdb,TER,D,43.0,0.2
R1156_conformation1_model2.pdb,ode,2,43.0,0.2
R1156_conformation1_model3.pdb,ode,3,43.0,0.4
R1156_conformation1_model4.pdb,ode,4,43.0,0.35
R1156_conformation1_model5.pdb,ode,5,43.0,0.25
R1156_conformation1_model6.pdb,ode,6,43.0,0.35
R1156_conformation1_model7.pdb,ode,7,43.0,0.35
R1156_conformation1_model8.pdb,ode,8,43.0,0.35
R1156_conformation1_model9.pdb,ode,9,43.0,0.35
R1156_conformation1_model10.pdb,del,0,44.0,0.0
R1156_conformation1_model1.pdb,ode,1,44.0,0.0
R1156_conformation1_model1.pdb_CENTERED.pdb,TER,D,44.0,0.0
R1156_conformation1_model2.pdb,ode,2,44.0,0.0
R1156_conformation1_model3.pdb,ode,3,44.0,0.0
R1156_conformation1_model4.pdb,ode,4,44.0,0.0
R1156_conformation1_model5.pdb,ode,5,44.0,0.0
R1156_conformation1_model6.pdb,ode,6,44.0,0.0
R1156_conformation1_model7.pdb,ode,7,44.0,0.0
R1156_conformation1_model8.pdb,ode,8,44.0,0.0
R1156_conformation1_model9.pdb,ode,9,44.0,0.0
R1156_conformation1_model10.pdb,del,0,45.0,0.0
R1156_conformation1_model1.pdb,ode,1,45.0,0.0
R1156_conformation1_model1.pdb_CENTERED.pdb,TER,D,45.0,0.0
R1156_conformation1_model2.pdb,ode,2,45.0,0.0
R1156_conformation1_model3.pdb,ode,3,45.0,0.0
R1156_conformation1_model4.pdb,ode,4,45.0,0.0
R1156_conformation1_model5.pdb,ode,5,45.0,0.0
R1156_conformation1_model6.pdb,ode,6,45.0,0.0
R1156_conformation1_model7.pdb,ode,7,45.0,0.0
R1156_conformation1_model8.pdb,ode,8,45.0,0.0
R1156_conformation1_model9.pdb,ode,9,45.0,0.0
R1156_conformation1_model10.pdb,del,0,46.0,0.0
R1156_conformation1_model1.pdb,ode,1,46.0,0.0
R1156_conformation1_model1.pdb_CENTERED.pdb,TER,D,46.0,0.0
R1156_conformation1_model2.pdb,ode,2,46.0,0.0
R1156_conformation1_model3.pdb,ode,3,46.0,0.0
R1156_conformation1_model4.pdb,ode,4,46.0,0.0
R1156_conformation1_model5.pdb,ode,5,46.0,0.0
R1156_conformation1_model6.pdb,ode,6,46.0,0.0
R1156_conformation1_model7.pdb,ode,7,46.0,0.0
R1156_conformation1_model8.pdb,ode,8,46.0,0.0
R1156_conformation1_model9.pdb,ode,9,46.0,0.565217391304348
R1156_conformation1_model10.pdb,del,0,47.0,0.3
R1156_conformation1_model1.pdb,ode,1,47.0,0.3
R1156_conformation1_model1.pdb_CENTERED.pdb,TER,D,47.0,0.3
R1156_conformation1_model2.pdb,ode,2,47.0,0.3
R1156_conformation1_model3.pdb,ode,3,47.0,0.35
R1156_conformation1_model4.pdb,ode,4,47.0,0.35
R1156_conformation1_model5.pdb,ode,5,47.0,0.55
R1156_conformation1_model6.pdb,ode,6,47.0,0.4
R1156_conformation1_model7.pdb,ode,7,47.0,0.35
R1156_conformation1_model8.pdb,ode,8,47.0,0.4
R1156_conformation1_model9.pdb,ode,9,47.0,0.65
R1156_conformation1_model10.pdb,del,0,48.0,0.4
R1156_conformation1_model1.pdb,ode,1,48.0,0.4
R1156_conformation1_model1.pdb_CENTERED.pdb,TER,D,48.0,0.4
R1156_conformation1_model2.pdb,ode,2,48.0,0.4
R1156_conformation1_model3.pdb,ode,3,48.0,0.4
R1156_conformation1_model4.pdb,ode,4,48.0,0.4
R1156_conformation1_model5.pdb,ode,5,48.0,0.4
R1156_conformation1_model6.pdb,ode,6,48.0,0.4
R1156_conformation1_model7.pdb,ode,7,48.0,0.45
R1156_conformation1_model8.pdb,ode,8,48.0,0.45
R1156_conformation1_model9.pdb,ode,9,48.0,0.4
R1156_conformation1_model10.pdb,del,0,49.0,0.478260869565217
R1156_conformation1_model1.pdb,ode,1,49.0,0.478260869565217
R1156_conformation1_model1.pdb_CENTERED.pdb,TER,D,49.0,0.478260869565217
R1156_conformation1_model2.pdb,ode,2,49.0,0.478260869565217
R1156_conformation1_model3.pdb,ode,3,49.0,0.478260869565217
R1156_conformation1_model4.pdb,ode,4,49.0,0.478260869565217
R1156_conformation1_model5.pdb,ode,5,49.0,0.478260869565217
R1156_conformation1_model6.pdb,ode,6,49.0,0.478260869565217
R1156_conformation1_model7.pdb,ode,7,49.0,0.478260869565217
R1156_conformation1_model8.pdb,ode,8,49.0,0.521739130434783
R1156_conformation1_model9.pdb,ode,9,49.0,0.478260869565217
R1156_conformation1_model10.pdb,del,0,50.0,0.478260869565217
R1156_conformation1_model1.pdb,ode,1,50.0,0.565217391304348
R1156_conformation1_model1.pdb_CENTERED.pdb,TER,D,50.0,0.565217391304348
R1156_conformation1_model2.pdb,ode,2,50.0,0.521739130434783
R1156_conformation1_model3.pdb,ode,3,50.0,0.565217391304348
R1156_conformation1_model4.pdb,ode,4,50.0,0.608695652173913
R1156_conformation1_model5.pdb,ode,5,50.0,0.652173913043478
R1156_conformation1_model6.pdb,ode,6,50.0,0.695652173913043
R1156_conformation1_model7.pdb,ode,7,50.0,0.608695652173913
R1156_conformation1_model8.pdb,ode,8,50.0,0.782608695652174
R1156_conformation1_model9.pdb,ode,9,50.0,0.782608695652174
R1156_conformation1_model10.pdb,del,0,51.0,0.869565217391304
R1156_conformation1_model1.pdb,ode,1,51.0,0.869565217391304
R1156_conformation1_model1.pdb_CENTERED.pdb,TER,D,51.0,0.869565217391304
R1156_conformation1_model2.pdb,ode,2,51.0,0.869565217391304
R1156_conformation1_model3.pdb,ode,3,51.0,0.869565217391304
R1156_conformation1_model4.pdb,ode,4,51.0,0.869565217391304
R1156_conformation1_model5.pdb,ode,5,51.0,0.869565217391304
R1156_conformation1_model6.pdb,ode,6,51.0,0.869565217391304
R1156_conformation1_model7.pdb,ode,7,51.0,0.869565217391304
R1156_conformation1_model8.pdb,ode,8,51.0,0.91304347826087
R1156_conformation1_model9.pdb,ode,9,51.0,0.956521739130435
R1156_conformation1_model10.pdb,del,0,52.0,1.0
R1156_conformation1_model1.pdb,ode,1,52.0,1.0
R1156_conformation1_model1.pdb_CENTERED.pdb,TER,D,52.0,1.0
R1156_conformation1_model2.pdb,ode,2,52.0,1.0
R1156_conformation1_model3.pdb,ode,3,52.0,1.0
R1156_conformation1_model4.pdb,ode,4,52.0,1.0
R1156_conformation1_model5.pdb,ode,5,52.0,0.95
R1156_conformation1_model6.pdb,ode,6,52.0,0.95
R1156_conformation1_model7.pdb,ode,7,52.0,0.95
R1156_conformation1_model8.pdb,ode,8,52.0,0.95
R1156_conformation1_model9.pdb,ode,9,52.0,0.95
R1156_conformation1_model10.pdb,del,0,53.0,0.956521739130435
R1156_conformation1_model1.pdb,ode,1,53.0,0.869565217391304
R1156_conformation1_model1.pdb_CENTERED.pdb,TER,D,53.0,0.869565217391304
R1156_conformation1_model2.pdb,ode,2,53.0,0.956521739130435
R1156_conformation1_model3.pdb,ode,3,53.0,0.782608695652174
R1156_conformation1_model4.pdb,ode,4,53.0,0.826086956521739
R1156_conformation1_model5.pdb,ode,5,53.0,0.869565217391304
R1156_conformation1_model6.pdb,ode,6,53.0,0.956521739130435
R1156_conformation1_model7.pdb,ode,7,53.0,0.826086956521739
R1156_conformation1_model8.pdb,ode,8,53.0,1.0
R1156_conformation1_model9.pdb,ode,9,53.0,0.956521739130435
R1156_conformation1_model10.pdb,del,0,54.0,0.95
R1156_conformation1_model1.pdb,ode,1,54.0,0.95
R1156_conformation1_model1.pdb_CENTERED.pdb,TER,D,54.0,0.95
R1156_conformation1_model2.pdb,ode,2,54.0,0.95
R1156_conformation1_model3.pdb,ode,3,54.0,0.9
R1156_conformation1_model4.pdb,ode,4,54.0,0.95
R1156_conformation1_model5.pdb,ode,5,54.0,0.9
R1156_conformation1_model6.pdb,ode,6,54.0,0.9
R1156_conformation1_model7.pdb,ode,7,54.0,0.9
R1156_conformation1_model8.pdb,ode,8,54.0,0.85
R1156_conformation1_model9.pdb,ode,9,54.0,0.9
R1156_conformation1_model10.pdb,del,0,55.0,0.91304347826087
R1156_conformation1_model1.pdb,ode,1,55.0,0.91304347826087
R1156_conformation1_model1.pdb_CENTERED.pdb,TER,D,55.0,0.91304347826087
R1156_conformation1_model2.pdb,ode,2,55.0,0.91304347826087
R1156_conformation1_model3.pdb,ode,3,55.0,0.869565217391304
R1156_conformation1_model4.pdb,ode,4,55.0,0.869565217391304
R1156_conformation1_model5.pdb,ode,5,55.0,0.956521739130435
R1156_conformation1_model6.pdb,ode,6,55.0,0.869565217391304
R1156_conformation1_model7.pdb,ode,7,55.0,0.869565217391304
R1156_conformation1_model8.pdb,ode,8,55.0,0.91304347826087
R1156_conformation1_model9.pdb,ode,9,55.0,0.91304347826087
R1156_conformation1_model10.pdb,del,0,56.0,1.0
R1156_conformation1_model1.pdb,ode,1,56.0,1.0
R1156_conformation1_model1.pdb_CENTERED.pdb,TER,D,56.0,1.0
R1156_conformation1_model2.pdb,ode,2,56.0,1.0
R1156_conformation1_model3.pdb,ode,3,56.0,1.0
R1156_conformation1_model4.pdb,ode,4,56.0,1.0
R1156_conformation1_model5.pdb,ode,5,56.0,1.0
R1156_conformation1_model6.pdb,ode,6,56.0,1.0
R1156_conformation1_model7.pdb,ode,7,56.0,1.0
R1156_conformation1_model8.pdb,ode,8,56.0,1.0
R1156_conformation1_model9.pdb,ode,9,56.0,0.95
R1156_conformation1_model10.pdb,del,0,57.0,0.91304347826087
R1156_conformation1_model1.pdb,ode,1,57.0,0.91304347826087
R1156_conformation1_model1.pdb_CENTERED.pdb,TER,D,57.0,0.91304347826087
R1156_conformation1_model2.pdb,ode,2,57.0,0.91304347826087
R1156_conformation1_model3.pdb,ode,3,57.0,0.91304347826087
R1156_conformation1_model4.pdb,ode,4,57.0,0.869565217391304
R1156_conformation1_model5.pdb,ode,5,57.0,0.869565217391304
R1156_conformation1_model6.pdb,ode,6,57.0,0.91304347826087
R1156_conformation1_model7.pdb,ode,7,57.0,0.869565217391304
R1156_conformation1_model8.pdb,ode,8,57.0,0.869565217391304
R1156_conformation1_model9.pdb,ode,9,57.0,0.782608695652174
R1156_conformation1_model10.pdb,del,0,58.0,0.782608695652174
R1156_conformation1_model1.pdb,ode,1,58.0,0.782608695652174
R1156_conformation1_model1.pdb_CENTERED.pdb,TER,D,58.0,0.782608695652174
R1156_conformation1_model2.pdb,ode,2,58.0,0.739130434782609
R1156_conformation1_model3.pdb,ode,3,58.0,0.782608695652174
R1156_conformation1_model4.pdb,ode,4,58.0,0.695652173913043
R1156_conformation1_model5.pdb,ode,5,58.0,0.739130434782609
R1156_conformation1_model6.pdb,ode,6,58.0,0.739130434782609
R1156_conformation1_model7.pdb,ode,7,58.0,0.695652173913043
R1156_conformation1_model8.pdb,ode,8,58.0,0.695652173913043
R1156_conformation1_model9.pdb,ode,9,58.0,0.739130434782609
R1156_conformation1_model10.pdb,del,0,59.0,0.75
R1156_conformation1_model1.pdb,ode,1,59.0,0.6
R1156_conformation1_model1.pdb_CENTERED.pdb,TER,D,59.0,0.6
R1156_conformation1_model2.pdb,ode,2,59.0,0.6
R1156_conformation1_model3.pdb,ode,3,59.0,0.7
R1156_conformation1_model4.pdb,ode,4,59.0,0.5
R1156_conformation1_model5.pdb,ode,5,59.0,0.4
R1156_conformation1_model6.pdb,ode,6,59.0,0.75
R1156_conformation1_model7.pdb,ode,7,59.0,0.5
R1156_conformation1_model8.pdb,ode,8,59.0,0.6
R1156_conformation1_model9.pdb,ode,9,59.0,0.45
R1156_conformation1_model10.pdb,del,0,60.0,0.727272727272727
R1156_conformation1_model1.pdb,ode,1,60.0,0.727272727272727
R1156_conformation1_model1.pdb_CENTERED.pdb,TER,D,60.0,0.727272727272727
R1156_conformation1_model2.pdb,ode,2,60.0,0.818181818181818
R1156_conformation1_model3.pdb,ode,3,60.0,0.636363636363636
R1156_conformation1_model4.pdb,ode,4,60.0,0.5
R1156_conformation1_model5.pdb,ode,5,60.0,0.409090909090909
R1156_conformation1_model6.pdb,ode,6,60.0,0.909090909090909
R1156_conformation1_model7.pdb,ode,7,60.0,0.545454545454545
R1156_conformation1_model8.pdb,ode,8,60.0,0.863636363636364
R1156_conformation1_model9.pdb,ode,9,60.0,0.545454545454545
R1156_conformation1_model10.pdb,del,0,61.0,0.863636363636364
R1156_conformation1_model1.pdb,ode,1,61.0,0.954545454545455
R1156_conformation1_model1.pdb_CENTERED.pdb,TER,D,61.0,0.954545454545455
R1156_conformation1_model2.pdb,ode,2,61.0,0.772727272727273
R1156_conformation1_model3.pdb,ode,3,61.0,0.636363636363636
R1156_conformation1_model4.pdb,ode,4,61.0,0.227272727272727
R1156_conformation1_model5.pdb,ode,5,61.0,0.818181818181818
R1156_conformation1_model6.pdb,ode,6,61.0,0.590909090909091
R1156_conformation1_model7.pdb,ode,7,61.0,0.545454545454545
R1156_conformation1_model8.pdb,ode,8,61.0,0.590909090909091
R1156_conformation1_model9.pdb,ode,9,61.0,0.227272727272727
R1156_conformation1_model10.pdb,del,0,62.0,0.7
R1156_conformation1_model1.pdb,ode,1,62.0,0.45
R1156_conformation1_model1.pdb_CENTERED.pdb,TER,D,62.0,0.45
R1156_conformation1_model2.pdb,ode,2,62.0,0.25
R1156_conformation1_model3.pdb,ode,3,62.0,0.5
R1156_conformation1_model4.pdb,ode,4,62.0,0.7
R1156_conformation1_model5.pdb,ode,5,62.0,0.15
R1156_conformation1_model6.pdb,ode,6,62.0,0.0
R1156_conformation1_model7.pdb,ode,7,62.0,0.35
R1156_conformation1_model8.pdb,ode,8,62.0,1.0
R1156_conformation1_model9.pdb,ode,9,62.0,0.4
R1156_conformation1_model10.pdb,del,0,63.0,0.1
R1156_conformation1_model1.pdb,ode,1,63.0,0.3
R1156_conformation1_model1.pdb_CENTERED.pdb,TER,D,63.0,0.3
R1156_conformation1_model2.pdb,ode,2,63.0,0.35
R1156_conformation1_model3.pdb,ode,3,63.0,0.55
R1156_conformation1_model4.pdb,ode,4,63.0,0.5
R1156_conformation1_model5.pdb,ode,5,63.0,0.45
R1156_conformation1_model6.pdb,ode,6,63.0,0.55
R1156_conformation1_model7.pdb,ode,7,63.0,0.45
R1156_conformation1_model8.pdb,ode,8,63.0,0.6
R1156_conformation1_model9.pdb,ode,9,63.0,0.2
R1156_conformation1_model10.pdb,del,0,64.0,0.1
R1156_conformation1_model1.pdb,ode,1,64.0,1.0
R1156_conformation1_model1.pdb_CENTERED.pdb,TER,D,64.0,1.0
R1156_conformation1_model2.pdb,ode,2,64.0,0.95
R1156_conformation1_model3.pdb,ode,3,64.0,0.9
R1156_conformation1_model4.pdb,ode,4,64.0,0.85
R1156_conformation1_model5.pdb,ode,5,64.0,0.9
R1156_conformation1_model6.pdb,ode,6,64.0,0.8
R1156_conformation1_model7.pdb,ode,7,64.0,0.75
R1156_conformation1_model8.pdb,ode,8,64.0,0.85
R1156_conformation1_model9.pdb,ode,9,64.0,0.35
R1156_conformation1_model10.pdb,del,0,65.0,0.91304347826087
R1156_conformation1_model1.pdb,ode,1,65.0,0.869565217391304
R1156_conformation1_model1.pdb_CENTERED.pdb,TER,D,65.0,0.869565217391304
R1156_conformation1_model2.pdb,ode,2,65.0,0.826086956521739
R1156_conformation1_model3.pdb,ode,3,65.0,0.478260869565217
R1156_conformation1_model4.pdb,ode,4,65.0,0.695652173913043
R1156_conformation1_model5.pdb,ode,5,65.0,0.91304347826087
R1156_conformation1_model6.pdb,ode,6,65.0,0.652173913043478
R1156_conformation1_model7.pdb,ode,7,65.0,0.521739130434783
R1156_conformation1_model8.pdb,ode,8,65.0,0.652173913043478
R1156_conformation1_model9.pdb,ode,9,65.0,0.869565217391304
R1156_conformation1_model10.pdb,del,0,66.0,0.956521739130435
R1156_conformation1_model1.pdb,ode,1,66.0,0.956521739130435
R1156_conformation1_model1.pdb_CENTERED.pdb,TER,D,66.0,0.956521739130435
R1156_conformation1_model2.pdb,ode,2,66.0,0.956521739130435
R1156_conformation1_model3.pdb,ode,3,66.0,0.956521739130435
R1156_conformation1_model4.pdb,ode,4,66.0,0.782608695652174
R1156_conformation1_model5.pdb,ode,5,66.0,0.956521739130435
R1156_conformation1_model6.pdb,ode,6,66.0,0.956521739130435
R1156_conformation1_model7.pdb,ode,7,66.0,1.0
R1156_conformation1_model8.pdb,ode,8,66.0,1.0
R1156_conformation1_model9.pdb,ode,9,66.0,0.91304347826087
R1156_conformation1_model10.pdb,del,0,67.0,1.0
R1156_conformation1_model1.pdb,ode,1,67.0,0.85
R1156_conformation1_model1.pdb_CENTERED.pdb,TER,D,67.0,0.85
R1156_conformation1_model2.pdb,ode,2,67.0,0.8
R1156_conformation1_model3.pdb,ode,3,67.0,0.95
R1156_conformation1_model4.pdb,ode,4,67.0,1.0
R1156_conformation1_model5.pdb,ode,5,67.0,0.9
R1156_conformation1_model6.pdb,ode,6,67.0,0.85
R1156_conformation1_model7.pdb,ode,7,67.0,0.9
R1156_conformation1_model8.pdb,ode,8,67.0,0.9
R1156_conformation1_model9.pdb,ode,9,67.0,0.95
R1156_conformation1_model10.pdb,del,0,68.0,0.91304347826087
R1156_conformation1_model1.pdb,ode,1,68.0,0.869565217391304
R1156_conformation1_model1.pdb_CENTERED.pdb,TER,D,68.0,0.869565217391304
R1156_conformation1_model2.pdb,ode,2,68.0,0.652173913043478
R1156_conformation1_model3.pdb,ode,3,68.0,0.956521739130435
R1156_conformation1_model4.pdb,ode,4,68.0,0.91304347826087
R1156_conformation1_model5.pdb,ode,5,68.0,0.869565217391304
R1156_conformation1_model6.pdb,ode,6,68.0,0.869565217391304
R1156_conformation1_model7.pdb,ode,7,68.0,0.869565217391304
R1156_conformation1_model8.pdb,ode,8,68.0,0.826086956521739
R1156_conformation1_model9.pdb,ode,9,68.0,0.91304347826087
R1156_conformation1_model10.pdb,del,0,69.0,0.9
R1156_conformation1_model1.pdb,ode,1,69.0,0.85
R1156_conformation1_model1.pdb_CENTERED.pdb,TER,D,69.0,0.85
R1156_conformation1_model2.pdb,ode,2,69.0,0.85
R1156_conformation1_model3.pdb,ode,3,69.0,0.9
R1156_conformation1_model4.pdb,ode,4,69.0,0.9
R1156_conformation1_model5.pdb,ode,5,69.0,0.85
R1156_conformation1_model6.pdb,ode,6,69.0,0.85
R1156_conformation1_model7.pdb,ode,7,69.0,0.9
R1156_conformation1_model8.pdb,ode,8,69.0,0.9
R1156_conformation1_model9.pdb,ode,9,69.0,0.9
R1156_conformation1_model10.pdb,del,0,70.0,1.0
R1156_conformation1_model1.pdb,ode,1,70.0,0.954545454545455
R1156_conformation1_model1.pdb_CENTERED.pdb,TER,D,70.0,0.954545454545455
R1156_conformation1_model2.pdb,ode,2,70.0,0.954545454545455
R1156_conformation1_model3.pdb,ode,3,70.0,1.0
R1156_conformation1_model4.pdb,ode,4,70.0,1.0
R1156_conformation1_model5.pdb,ode,5,70.0,0.954545454545455
R1156_conformation1_model6.pdb,ode,6,70.0,0.954545454545455
R1156_conformation1_model7.pdb,ode,7,70.0,0.909090909090909
R1156_conformation1_model8.pdb,ode,8,70.0,0.954545454545455
R1156_conformation1_model9.pdb,ode,9,70.0,0.954545454545455
R1156_conformation1_model10.pdb,del,0,71.0,1.0
R1156_conformation1_model1.pdb,ode,1,71.0,1.0
R1156_conformation1_model1.pdb_CENTERED.pdb,TER,D,71.0,1.0
R1156_conformation1_model2.pdb,ode,2,71.0,0.95
R1156_conformation1_model3.pdb,ode,3,71.0,1.0
R1156_conformation1_model4.pdb,ode,4,71.0,1.0
R1156_conformation1_model5.pdb,ode,5,71.0,1.0
R1156_conformation1_model6.pdb,ode,6,71.0,1.0
R1156_conformation1_model7.pdb,ode,7,71.0,1.0
R1156_conformation1_model8.pdb,ode,8,71.0,1.0
R1156_conformation1_model9.pdb,ode,9,71.0,1.0
R1156_conformation1_model10.pdb,del,0,72.0,1.0
R1156_conformation1_model1.pdb,ode,1,72.0,0.954545454545455
R1156_conformation1_model1.pdb_CENTERED.pdb,TER,D,72.0,0.954545454545455
R1156_conformation1_model2.pdb,ode,2,72.0,0.909090909090909
R1156_conformation1_model3.pdb,ode,3,72.0,0.954545454545455
R1156_conformation1_model4.pdb,ode,4,72.0,0.954545454545455
R1156_conformation1_model5.pdb,ode,5,72.0,0.954545454545455
R1156_conformation1_model6.pdb,ode,6,72.0,0.954545454545455
R1156_conformation1_model7.pdb,ode,7,72.0,0.909090909090909
R1156_conformation1_model8.pdb,ode,8,72.0,0.954545454545455
R1156_conformation1_model9.pdb,ode,9,72.0,0.954545454545455
R1156_conformation1_model10.pdb,del,0,73.0,0.95
R1156_conformation1_model1.pdb,ode,1,73.0,0.9
R1156_conformation1_model1.pdb_CENTERED.pdb,TER,D,73.0,0.9
R1156_conformation1_model2.pdb,ode,2,73.0,0.9
R1156_conformation1_model3.pdb,ode,3,73.0,0.95
R1156_conformation1_model4.pdb,ode,4,73.0,0.95
R1156_conformation1_model5.pdb,ode,5,73.0,0.9
R1156_conformation1_model6.pdb,ode,6,73.0,0.9
R1156_conformation1_model7.pdb,ode,7,73.0,0.9
R1156_conformation1_model8.pdb,ode,8,73.0,0.9
R1156_conformation1_model9.pdb,ode,9,73.0,0.9
R1156_conformation1_model10.pdb,del,0,74.0,0.9
R1156_conformation1_model1.pdb,ode,1,74.0,0.9
R1156_conformation1_model1.pdb_CENTERED.pdb,TER,D,74.0,0.9
R1156_conformation1_model2.pdb,ode,2,74.0,0.9
R1156_conformation1_model3.pdb,ode,3,74.0,0.95
R1156_conformation1_model4.pdb,ode,4,74.0,0.95
R1156_conformation1_model5.pdb,ode,5,74.0,0.95
R1156_conformation1_model6.pdb,ode,6,74.0,0.95
R1156_conformation1_model7.pdb,ode,7,74.0,0.95
R1156_conformation1_model8.pdb,ode,8,74.0,0.9
R1156_conformation1_model9.pdb,ode,9,74.0,0.95
R1156_conformation1_model10.pdb,del,0,75.0,0.909090909090909
R1156_conformation1_model1.pdb,ode,1,75.0,0.954545454545455
R1156_conformation1_model1.pdb_CENTERED.pdb,TER,D,75.0,0.954545454545455
R1156_conformation1_model2.pdb,ode,2,75.0,0.909090909090909
R1156_conformation1_model3.pdb,ode,3,75.0,0.909090909090909
R1156_conformation1_model4.pdb,ode,4,75.0,0.954545454545455
R1156_conformation1_model5.pdb,ode,5,75.0,0.863636363636364
R1156_conformation1_model6.pdb,ode,6,75.0,0.954545454545455
R1156_conformation1_model7.pdb,ode,7,75.0,0.909090909090909
R1156_conformation1_model8.pdb,ode,8,75.0,0.954545454545455
R1156_conformation1_model9.pdb,ode,9,75.0,0.954545454545455
R1156_conformation1_model10.pdb,del,0,76.0,0.1
R1156_conformation1_model1.pdb,ode,1,76.0,0.5
R1156_conformation1_model1.pdb_CENTERED.pdb,TER,D,76.0,0.5
R1156_conformation1_model2.pdb,ode,2,76.0,0.3
R1156_conformation1_model3.pdb,ode,3,76.0,0.5
R1156_conformation1_model4.pdb,ode,4,76.0,0.5
R1156_conformation1_model5.pdb,ode,5,76.0,0.05
R1156_conformation1_model6.pdb,ode,6,76.0,0.6
R1156_conformation1_model7.pdb,ode,7,76.0,0.55
R1156_conformation1_model8.pdb,ode,8,76.0,0.4
R1156_conformation1_model9.pdb,ode,9,76.0,0.75
R1156_conformation1_model10.pdb,del,0,77.0,0.608695652173913
R1156_conformation1_model1.pdb,ode,1,77.0,0.478260869565217
R1156_conformation1_model1.pdb_CENTERED.pdb,TER,D,77.0,0.478260869565217
R1156_conformation1_model2.pdb,ode,2,77.0,0.521739130434783
R1156_conformation1_model3.pdb,ode,3,77.0,0.478260869565217
R1156_conformation1_model4.pdb,ode,4,77.0,0.478260869565217
R1156_conformation1_model5.pdb,ode,5,77.0,0.565217391304348
R1156_conformation1_model6.pdb,ode,6,77.0,0.565217391304348
R1156_conformation1_model7.pdb,ode,7,77.0,0.478260869565217
R1156_conformation1_model8.pdb,ode,8,77.0,0.478260869565217
R1156_conformation1_model9.pdb,ode,9,77.0,0.608695652173913
R1156_conformation1_model10.pdb,del,0,78.0,0.75
R1156_conformation1_model1.pdb,ode,1,78.0,0.7
R1156_conformation1_model1.pdb_CENTERED.pdb,TER,D,78.0,0.7
R1156_conformation1_model2.pdb,ode,2,78.0,0.8
R1156_conformation1_model3.pdb,ode,3,78.0,0.75
R1156_conformation1_model4.pdb,ode,4,78.0,0.65
R1156_conformation1_model5.pdb,ode,5,78.0,0.8
R1156_conformation1_model6.pdb,ode,6,78.0,0.75
R1156_conformation1_model7.pdb,ode,7,78.0,0.75
R1156_conformation1_model8.pdb,ode,8,78.0,0.65
R1156_conformation1_model9.pdb,ode,9,78.0,0.8
R1156_conformation1_model10.pdb,del,0,79.0,0.9
R1156_conformation1_model1.pdb,ode,1,79.0,0.65
R1156_conformation1_model1.pdb_CENTERED.pdb,TER,D,79.0,0.65
R1156_conformation1_model2.pdb,ode,2,79.0,0.8
R1156_conformation1_model3.pdb,ode,3,79.0,0.7
R1156_conformation1_model4.pdb,ode,4,79.0,0.9
R1156_conformation1_model5.pdb,ode,5,79.0,0.7
R1156_conformation1_model6.pdb,ode,6,79.0,0.7
R1156_conformation1_model7.pdb,ode,7,79.0,0.7
R1156_conformation1_model8.pdb,ode,8,79.0,0.8
R1156_conformation1_model9.pdb,ode,9,79.0,0.8
R1156_conformation1_model10.pdb,del,0,80.0,0.75
R1156_conformation1_model1.pdb,ode,1,80.0,0.6
R1156_conformation1_model1.pdb_CENTERED.pdb,TER,D,80.0,0.6
R1156_conformation1_model2.pdb,ode,2,80.0,0.65
R1156_conformation1_model3.pdb,ode,3,80.0,0.6
R1156_conformation1_model4.pdb,ode,4,80.0,0.9
R1156_conformation1_model5.pdb,ode,5,80.0,0.65
R1156_conformation1_model6.pdb,ode,6,80.0,0.6
R1156_conformation1_model7.pdb,ode,7,80.0,0.6
R1156_conformation1_model8.pdb,ode,8,80.0,0.7
R1156_conformation1_model9.pdb,ode,9,80.0,0.35
R1156_conformation1_model10.pdb,del,0,81.0,0.8
R1156_conformation1_model1.pdb,ode,1,81.0,0.5
R1156_conformation1_model1.pdb_CENTERED.pdb,TER,D,81.0,0.5
R1156_conformation1_model2.pdb,ode,2,81.0,0.5
R1156_conformation1_model3.pdb,ode,3,81.0,0.6
R1156_conformation1_model4.pdb,ode,4,81.0,0.85
R1156_conformation1_model5.pdb,ode,5,81.0,0.55
R1156_conformation1_model6.pdb,ode,6,81.0,0.45
R1156_conformation1_model7.pdb,ode,7,81.0,0.5
R1156_conformation1_model8.pdb,ode,8,81.0,0.6
R1156_conformation1_model9.pdb,ode,9,81.0,0.45
R1156_conformation1_model10.pdb,del,0,82.0,0.0
R1156_conformation1_model1.pdb,ode,1,82.0,0.0
R1156_conformation1_model1.pdb_CENTERED.pdb,TER,D,82.0,0.0
R1156_conformation1_model2.pdb,ode,2,82.0,0.0
R1156_conformation1_model3.pdb,ode,3,82.0,0.0
R1156_conformation1_model4.pdb,ode,4,82.0,0.0
R1156_conformation1_model5.pdb,ode,5,82.0,0.0
R1156_conformation1_model6.pdb,ode,6,82.0,0.0
R1156_conformation1_model7.pdb,ode,7,82.0,0.0
R1156_conformation1_model8.pdb,ode,8,82.0,0.0
R1156_conformation1_model9.pdb,ode,9,82.0,0.0
R1156_conformation1_model10.pdb,del,0,83.0,0.0
R1156_conformation1_model1.pdb,ode,1,83.0,0.0
R1156_conformation1_model1.pdb_CENTERED.pdb,TER,D,83.0,0.0
R1156_conformation1_model2.pdb,ode,2,83.0,0.0
R1156_conformation1_model3.pdb,ode,3,83.0,0.0
R1156_conformation1_model4.pdb,ode,4,83.0,0.0
R1156_conformation1_model5.pdb,ode,5,83.0,0.0
R1156_conformation1_model6.pdb,ode,6,83.0,0.0
R1156_conformation1_model7.pdb,ode,7,83.0,0.0
R1156_conformation1_model8.pdb,ode,8,83.0,0.0
R1156_conformation1_model9.pdb,ode,9,83.0,0.0
R1156_conformation1_model10.pdb,del,0,84.0,0.130434782608696
R1156_conformation1_model1.pdb,ode,1,84.0,0.0
R1156_conformation1_model1.pdb_CENTERED.pdb,TER,D,84.0,0.0
R1156_conformation1_model2.pdb,ode,2,84.0,0.0
R1156_conformation1_model3.pdb,ode,3,84.0,0.0
R1156_conformation1_model4.pdb,ode,4,84.0,0.0
R1156_conformation1_model5.pdb,ode,5,84.0,0.0
R1156_conformation1_model6.pdb,ode,6,84.0,0.0
R1156_conformation1_model7.pdb,ode,7,84.0,0.0
R1156_conformation1_model8.pdb,ode,8,84.0,0.0
R1156_conformation1_model9.pdb,ode,9,84.0,0.347826086956522
R1156_conformation1_model10.pdb,del,0,85.0,0.8
R1156_conformation1_model1.pdb,ode,1,85.0,0.7
R1156_conformation1_model1.pdb_CENTERED.pdb,TER,D,85.0,0.7
R1156_conformation1_model2.pdb,ode,2,85.0,0.8
R1156_conformation1_model3.pdb,ode,3,85.0,0.8
R1156_conformation1_model4.pdb,ode,4,85.0,0.8
R1156_conformation1_model5.pdb,ode,5,85.0,0.65
R1156_conformation1_model6.pdb,ode,6,85.0,0.7
R1156_conformation1_model7.pdb,ode,7,85.0,0.8
R1156_conformation1_model8.pdb,ode,8,85.0,0.7
R1156_conformation1_model9.pdb,ode,9,85.0,0.7
R1156_conformation1_model10.pdb,del,0,86.0,0.91304347826087
R1156_conformation1_model1.pdb,ode,1,86.0,0.956521739130435
R1156_conformation1_model1.pdb_CENTERED.pdb,TER,D,86.0,0.956521739130435
R1156_conformation1_model2.pdb,ode,2,86.0,0.956521739130435
R1156_conformation1_model3.pdb,ode,3,86.0,0.956521739130435
R1156_conformation1_model4.pdb,ode,4,86.0,0.956521739130435
R1156_conformation1_model5.pdb,ode,5,86.0,0.91304347826087
R1156_conformation1_model6.pdb,ode,6,86.0,0.956521739130435
R1156_conformation1_model7.pdb,ode,7,86.0,0.956521739130435
R1156_conformation1_model8.pdb,ode,8,86.0,0.956521739130435
R1156_conformation1_model9.pdb,ode,9,86.0,0.869565217391304
R1156_conformation1_model10.pdb,del,0,87.0,0.91304347826087
R1156_conformation1_model1.pdb,ode,1,87.0,0.91304347826087
R1156_conformation1_model1.pdb_CENTERED.pdb,TER,D,87.0,0.91304347826087
R1156_conformation1_model2.pdb,ode,2,87.0,0.869565217391304
R1156_conformation1_model3.pdb,ode,3,87.0,0.869565217391304
R1156_conformation1_model4.pdb,ode,4,87.0,0.91304347826087
R1156_conformation1_model5.pdb,ode,5,87.0,0.956521739130435
R1156_conformation1_model6.pdb,ode,6,87.0,0.91304347826087
R1156_conformation1_model7.pdb,ode,7,87.0,0.91304347826087
R1156_conformation1_model8.pdb,ode,8,87.0,0.91304347826087
R1156_conformation1_model9.pdb,ode,9,87.0,0.826086956521739
R1156_conformation1_model10.pdb,del,0,88.0,1.0
R1156_conformation1_model1.pdb,ode,1,88.0,0.95
R1156_conformation1_model1.pdb_CENTERED.pdb,TER,D,88.0,0.95
R1156_conformation1_model2.pdb,ode,2,88.0,0.95
R1156_conformation1_model3.pdb,ode,3,88.0,0.95
R1156_conformation1_model4.pdb,ode,4,88.0,1.0
R1156_conformation1_model5.pdb,ode,5,88.0,0.95
R1156_conformation1_model6.pdb,ode,6,88.0,0.95
R1156_conformation1_model7.pdb,ode,7,88.0,0.95
R1156_conformation1_model8.pdb,ode,8,88.0,0.95
R1156_conformation1_model9.pdb,ode,9,88.0,0.95
R1156_conformation1_model10.pdb,del,0,89.0,0.85
R1156_conformation1_model1.pdb,ode,1,89.0,0.9
R1156_conformation1_model1.pdb_CENTERED.pdb,TER,D,89.0,0.9
R1156_conformation1_model2.pdb,ode,2,89.0,0.9
R1156_conformation1_model3.pdb,ode,3,89.0,0.85
R1156_conformation1_model4.pdb,ode,4,89.0,0.85
R1156_conformation1_model5.pdb,ode,5,89.0,0.9
R1156_conformation1_model6.pdb,ode,6,89.0,0.9
R1156_conformation1_model7.pdb,ode,7,89.0,0.9
R1156_conformation1_model8.pdb,ode,8,89.0,0.9
R1156_conformation1_model9.pdb,ode,9,89.0,0.9
R1156_conformation1_model10.pdb,del,0,90.0,0.956521739130435
R1156_conformation1_model1.pdb,ode,1,90.0,1.0
R1156_conformation1_model1.pdb_CENTERED.pdb,TER,D,90.0,1.0
R1156_conformation1_model2.pdb,ode,2,90.0,0.956521739130435
R1156_conformation1_model3.pdb,ode,3,90.0,1.0
R1156_conformation1_model4.pdb,ode,4,90.0,0.956521739130435
R1156_conformation1_model5.pdb,ode,5,90.0,0.956521739130435
R1156_conformation1_model6.pdb,ode,6,90.0,1.0
R1156_conformation1_model7.pdb,ode,7,90.0,0.956521739130435
R1156_conformation1_model8.pdb,ode,8,90.0,0.956521739130435
R1156_conformation1_model9.pdb,ode,9,90.0,1.0
R1156_conformation1_model10.pdb,del,0,91.0,0.91304347826087
R1156_conformation1_model1.pdb,ode,1,91.0,0.869565217391304
R1156_conformation1_model1.pdb_CENTERED.pdb,TER,D,91.0,0.869565217391304
R1156_conformation1_model2.pdb,ode,2,91.0,0.956521739130435
R1156_conformation1_model3.pdb,ode,3,91.0,0.91304347826087
R1156_conformation1_model4.pdb,ode,4,91.0,0.956521739130435
R1156_conformation1_model5.pdb,ode,5,91.0,0.956521739130435
R1156_conformation1_model6.pdb,ode,6,91.0,0.91304347826087
R1156_conformation1_model7.pdb,ode,7,91.0,0.869565217391304
R1156_conformation1_model8.pdb,ode,8,91.0,0.869565217391304
R1156_conformation1_model9.pdb,ode,9,91.0,0.91304347826087
R1156_conformation1_model10.pdb,del,0,92.0,0.95
R1156_conformation1_model1.pdb,ode,1,92.0,0.9
R1156_conformation1_model1.pdb_CENTERED.pdb,TER,D,92.0,0.9
R1156_conformation1_model2.pdb,ode,2,92.0,1.0
R1156_conformation1_model3.pdb,ode,3,92.0,0.95
R1156_conformation1_model4.pdb,ode,4,92.0,1.0
R1156_conformation1_model5.pdb,ode,5,92.0,0.9
R1156_conformation1_model6.pdb,ode,6,92.0,0.9
R1156_conformation1_model7.pdb,ode,7,92.0,0.95
R1156_conformation1_model8.pdb,ode,8,92.0,0.9
R1156_conformation1_model9.pdb,ode,9,92.0,0.9
R1156_conformation1_model10.pdb,del,0,93.0,0.956521739130435
R1156_conformation1_model1.pdb,ode,1,93.0,0.956521739130435
R1156_conformation1_model1.pdb_CENTERED.pdb,TER,D,93.0,0.956521739130435
R1156_conformation1_model2.pdb,ode,2,93.0,1.0
R1156_conformation1_model3.pdb,ode,3,93.0,0.956521739130435
R1156_conformation1_model4.pdb,ode,4,93.0,0.956521739130435
R1156_conformation1_model5.pdb,ode,5,93.0,0.956521739130435
R1156_conformation1_model6.pdb,ode,6,93.0,0.956521739130435
R1156_conformation1_model7.pdb,ode,7,93.0,0.956521739130435
R1156_conformation1_model8.pdb,ode,8,93.0,0.956521739130435
R1156_conformation1_model9.pdb,ode,9,93.0,0.956521739130435
R1156_conformation1_model10.pdb,del,0,94.0,1.0
R1156_conformation1_model1.pdb,ode,1,94.0,0.95
R1156_conformation1_model1.pdb_CENTERED.pdb,TER,D,94.0,0.95
R1156_conformation1_model2.pdb,ode,2,94.0,0.95
R1156_conformation1_model3.pdb,ode,3,94.0,1.0
R1156_conformation1_model4.pdb,ode,4,94.0,1.0
R1156_conformation1_model5.pdb,ode,5,94.0,0.95
R1156_conformation1_model6.pdb,ode,6,94.0,1.0
R1156_conformation1_model7.pdb,ode,7,94.0,1.0
R1156_conformation1_model8.pdb,ode,8,94.0,0.95
R1156_conformation1_model9.pdb,ode,9,94.0,1.0
R1156_conformation1_model10.pdb,del,0,95.0,0.826086956521739
R1156_conformation1_model1.pdb,ode,1,95.0,0.91304347826087
R1156_conformation1_model1.pdb_CENTERED.pdb,TER,D,95.0,0.91304347826087
R1156_conformation1_model2.pdb,ode,2,95.0,0.91304347826087
R1156_conformation1_model3.pdb,ode,3,95.0,0.869565217391304
R1156_conformation1_model4.pdb,ode,4,95.0,0.869565217391304
R1156_conformation1_model5.pdb,ode,5,95.0,0.956521739130435
R1156_conformation1_model6.pdb,ode,6,95.0,0.956521739130435
R1156_conformation1_model7.pdb,ode,7,95.0,0.91304347826087
R1156_conformation1_model8.pdb,ode,8,95.0,0.91304347826087
R1156_conformation1_model9.pdb,ode,9,95.0,0.91304347826087
R1156_conformation1_model10.pdb,del,0,96.0,0.91304347826087
R1156_conformation1_model1.pdb,ode,1,96.0,0.91304347826087
R1156_conformation1_model1.pdb_CENTERED.pdb,TER,D,96.0,0.91304347826087
R1156_conformation1_model2.pdb,ode,2,96.0,0.91304347826087
R1156_conformation1_model3.pdb,ode,3,96.0,0.869565217391304
R1156_conformation1_model4.pdb,ode,4,96.0,0.869565217391304
R1156_conformation1_model5.pdb,ode,5,96.0,0.91304347826087
R1156_conformation1_model6.pdb,ode,6,96.0,0.91304347826087
R1156_conformation1_model7.pdb,ode,7,96.0,0.91304347826087
R1156_conformation1_model8.pdb,ode,8,96.0,0.91304347826087
R1156_conformation1_model9.pdb,ode,9,96.0,0.91304347826087
R1156_conformation1_model10.pdb,del,0,97.0,1.0
R1156_conformation1_model1.pdb,ode,1,97.0,1.0
R1156_conformation1_model1.pdb_CENTERED.pdb,TER,D,97.0,1.0
R1156_conformation1_model2.pdb,ode,2,97.0,1.0
R1156_conformation1_model3.pdb,ode,3,97.0,0.95
R1156_conformation1_model4.pdb,ode,4,97.0,1.0
R1156_conformation1_model5.pdb,ode,5,97.0,0.95
R1156_conformation1_model6.pdb,ode,6,97.0,0.95
R1156_conformation1_model7.pdb,ode,7,97.0,0.95
R1156_conformation1_model8.pdb,ode,8,97.0,0.95
R1156_conformation1_model9.pdb,ode,9,97.0,0.95
R1156_conformation1_model10.pdb,del,0,98.0,0.95
R1156_conformation1_model1.pdb,ode,1,98.0,0.95
R1156_conformation1_model1.pdb_CENTERED.pdb,TER,D,98.0,0.95
R1156_conformation1_model2.pdb,ode,2,98.0,0.95
R1156_conformation1_model3.pdb,ode,3,98.0,0.9
R1156_conformation1_model4.pdb,ode,4,98.0,0.95
R1156_conformation1_model5.pdb,ode,5,98.0,0.95
R1156_conformation1_model6.pdb,ode,6,98.0,0.95
R1156_conformation1_model7.pdb,ode,7,98.0,0.95
R1156_conformation1_model8.pdb,ode,8,98.0,0.95
R1156_conformation1_model9.pdb,ode,9,98.0,0.95
R1156_conformation1_model10.pdb,del,0,99.0,0.95
R1156_conformation1_model1.pdb,ode,1,99.0,0.9
R1156_conformation1_model1.pdb_CENTERED.pdb,TER,D,99.0,0.9
R1156_conformation1_model2.pdb,ode,2,99.0,0.95
R1156_conformation1_model3.pdb,ode,3,99.0,0.9
R1156_conformation1_model4.pdb,ode,4,99.0,0.9
R1156_conformation1_model5.pdb,ode,5,99.0,0.9
R1156_conformation1_model6.pdb,ode,6,99.0,0.95
R1156_conformation1_model7.pdb,ode,7,99.0,0.95
R1156_conformation1_model8.pdb,ode,8,99.0,0.9
R1156_conformation1_model9.pdb,ode,9,99.0,0.95
R1156_conformation1_model10.pdb,del,0,100.0,0.9
R1156_conformation1_model1.pdb,ode,1,100.0,0.9
R1156_conformation1_model1.pdb_CENTERED.pdb,TER,D,100.0,0.9
R1156_conformation1_model2.pdb,ode,2,100.0,0.9
R1156_conformation1_model3.pdb,ode,3,100.0,0.9
R1156_conformation1_model4.pdb,ode,4,100.0,0.9
R1156_conformation1_model5.pdb,ode,5,100.0,0.9
R1156_conformation1_model6.pdb,ode,6,100.0,0.9
R1156_conformation1_model7.pdb,ode,7,100.0,0.9
R1156_conformation1_model8.pdb,ode,8,100.0,0.85
R1156_conformation1_model9.pdb,ode,9,100.0,0.9
R1156_conformation1_model10.pdb,del,0,101.0,0.9
R1156_conformation1_model1.pdb,ode,1,101.0,0.9
R1156_conformation1_model1.pdb_CENTERED.pdb,TER,D,101.0,0.9
R1156_conformation1_model2.pdb,ode,2,101.0,0.9
R1156_conformation1_model3.pdb,ode,3,101.0,0.85
R1156_conformation1_model4.pdb,ode,4,101.0,0.9
R1156_conformation1_model5.pdb,ode,5,101.0,0.9
R1156_conformation1_model6.pdb,ode,6,101.0,0.9
R1156_conformation1_model7.pdb,ode,7,101.0,0.9
R1156_conformation1_model8.pdb,ode,8,101.0,0.9
R1156_conformation1_model9.pdb,ode,9,101.0,0.9
R1156_conformation1_model10.pdb,del,0,102.0,0.9
R1156_conformation1_model1.pdb,ode,1,102.0,0.85
R1156_conformation1_model1.pdb_CENTERED.pdb,TER,D,102.0,0.85
R1156_conformation1_model2.pdb,ode,2,102.0,0.9
R1156_conformation1_model3.pdb,ode,3,102.0,0.9
R1156_conformation1_model4.pdb,ode,4,102.0,0.9
R1156_conformation1_model5.pdb,ode,5,102.0,0.9
R1156_conformation1_model6.pdb,ode,6,102.0,0.9
R1156_conformation1_model7.pdb,ode,7,102.0,0.85
R1156_conformation1_model8.pdb,ode,8,102.0,0.85
R1156_conformation1_model9.pdb,ode,9,102.0,0.85
R1156_conformation1_model10.pdb,del,0,103.0,0.909090909090909
R1156_conformation1_model1.pdb,ode,1,103.0,0.818181818181818
R1156_conformation1_model1.pdb_CENTERED.pdb,TER,D,103.0,0.818181818181818
R1156_conformation1_model2.pdb,ode,2,103.0,0.818181818181818
R1156_conformation1_model3.pdb,ode,3,103.0,0.727272727272727
R1156_conformation1_model4.pdb,ode,4,103.0,0.909090909090909
R1156_conformation1_model5.pdb,ode,5,103.0,0.727272727272727
R1156_conformation1_model6.pdb,ode,6,103.0,0.909090909090909
R1156_conformation1_model7.pdb,ode,7,103.0,0.954545454545455
R1156_conformation1_model8.pdb,ode,8,103.0,0.727272727272727
R1156_conformation1_model9.pdb,ode,9,103.0,1.0
R1156_conformation1_model10.pdb,del,0,104.0,0.772727272727273
R1156_conformation1_model1.pdb,ode,1,104.0,0.636363636363636
R1156_conformation1_model1.pdb_CENTERED.pdb,TER,D,104.0,0.636363636363636
R1156_conformation1_model2.pdb,ode,2,104.0,0.772727272727273
R1156_conformation1_model3.pdb,ode,3,104.0,0.772727272727273
R1156_conformation1_model4.pdb,ode,4,104.0,0.772727272727273
R1156_conformation1_model5.pdb,ode,5,104.0,0.681818181818182
R1156_conformation1_model6.pdb,ode,6,104.0,0.772727272727273
R1156_conformation1_model7.pdb,ode,7,104.0,0.863636363636364
R1156_conformation1_model8.pdb,ode,8,104.0,0.545454545454545
R1156_conformation1_model9.pdb,ode,9,104.0,0.909090909090909
R1156_conformation1_model10.pdb,del,0,105.0,0.173913043478261
R1156_conformation1_model1.pdb,ode,1,105.0,0.0
R1156_conformation1_model1.pdb_CENTERED.pdb,TER,D,105.0,0.0
R1156_conformation1_model2.pdb,ode,2,105.0,0.130434782608696
R1156_conformation1_model3.pdb,ode,3,105.0,0.304347826086957
R1156_conformation1_model4.pdb,ode,4,105.0,0.565217391304348
R1156_conformation1_model5.pdb,ode,5,105.0,0.08695652173913
R1156_conformation1_model6.pdb,ode,6,105.0,0.260869565217391
R1156_conformation1_model7.pdb,ode,7,105.0,0.478260869565217
R1156_conformation1_model8.pdb,ode,8,105.0,0.130434782608696
R1156_conformation1_model9.pdb,ode,9,105.0,0.478260869565217
R1156_conformation1_model10.pdb,del,0,106.0,0.0
R1156_conformation1_model1.pdb,ode,1,106.0,0.0
R1156_conformation1_model1.pdb_CENTERED.pdb,TER,D,106.0,0.0
R1156_conformation1_model2.pdb,ode,2,106.0,0.0
R1156_conformation1_model3.pdb,ode,3,106.0,0.0
R1156_conformation1_model4.pdb,ode,4,106.0,0.0
R1156_conformation1_model5.pdb,ode,5,106.0,0.0
R1156_conformation1_model6.pdb,ode,6,106.0,0.0
R1156_conformation1_model7.pdb,ode,7,106.0,0.0
R1156_conformation1_model8.pdb,ode,8,106.0,0.0
R1156_conformation1_model9.pdb,ode,9,106.0,0.0
R1156_conformation1_model10.pdb,del,0,107.0,0.55
R1156_conformation1_model1.pdb,ode,1,107.0,0.0
R1156_conformation1_model1.pdb_CENTERED.pdb,TER,D,107.0,0.0
R1156_conformation1_model2.pdb,ode,2,107.0,0.55
R1156_conformation1_model3.pdb,ode,3,107.0,0.55
R1156_conformation1_model4.pdb,ode,4,107.0,0.65
R1156_conformation1_model5.pdb,ode,5,107.0,0.4
R1156_conformation1_model6.pdb,ode,6,107.0,0.55
R1156_conformation1_model7.pdb,ode,7,107.0,0.75
R1156_conformation1_model8.pdb,ode,8,107.0,0.35
R1156_conformation1_model9.pdb,ode,9,107.0,0.7
R1156_conformation1_model10.pdb,del,0,108.0,0.826086956521739
R1156_conformation1_model1.pdb,ode,1,108.0,0.782608695652174
R1156_conformation1_model1.pdb_CENTERED.pdb,TER,D,108.0,0.782608695652174
R1156_conformation1_model2.pdb,ode,2,108.0,0.826086956521739
R1156_conformation1_model3.pdb,ode,3,108.0,0.782608695652174
R1156_conformation1_model4.pdb,ode,4,108.0,0.826086956521739
R1156_conformation1_model5.pdb,ode,5,108.0,0.782608695652174
R1156_conformation1_model6.pdb,ode,6,108.0,0.826086956521739
R1156_conformation1_model7.pdb,ode,7,108.0,0.826086956521739
R1156_conformation1_model8.pdb,ode,8,108.0,0.695652173913043
R1156_conformation1_model9.pdb,ode,9,108.0,0.869565217391304
R1156_conformation1_model10.pdb,del,0,109.0,0.7
R1156_conformation1_model1.pdb,ode,1,109.0,0.65
R1156_conformation1_model1.pdb_CENTERED.pdb,TER,D,109.0,0.65
R1156_conformation1_model2.pdb,ode,2,109.0,0.75
R1156_conformation1_model3.pdb,ode,3,109.0,0.9
R1156_conformation1_model4.pdb,ode,4,109.0,0.85
R1156_conformation1_model5.pdb,ode,5,109.0,0.75
R1156_conformation1_model6.pdb,ode,6,109.0,0.7
R1156_conformation1_model7.pdb,ode,7,109.0,0.7
R1156_conformation1_model8.pdb,ode,8,109.0,0.65
R1156_conformation1_model9.pdb,ode,9,109.0,0.75
R1156_conformation1_model10.pdb,del,0,110.0,0.91304347826087
R1156_conformation1_model1.pdb,ode,1,110.0,1.0
R1156_conformation1_model1.pdb_CENTERED.pdb,TER,D,110.0,1.0
R1156_conformation1_model2.pdb,ode,2,110.0,0.956521739130435
R1156_conformation1_model3.pdb,ode,3,110.0,1.0
R1156_conformation1_model4.pdb,ode,4,110.0,0.956521739130435
R1156_conformation1_model5.pdb,ode,5,110.0,1.0
R1156_conformation1_model6.pdb,ode,6,110.0,1.0
R1156_conformation1_model7.pdb,ode,7,110.0,0.956521739130435
R1156_conformation1_model8.pdb,ode,8,110.0,1.0
R1156_conformation1_model9.pdb,ode,9,110.0,0.91304347826087
R1156_conformation1_model10.pdb,del,0,111.0,0.909090909090909
R1156_conformation1_model1.pdb,ode,1,111.0,0.909090909090909
R1156_conformation1_model1.pdb_CENTERED.pdb,TER,D,111.0,0.909090909090909
R1156_conformation1_model2.pdb,ode,2,111.0,0.909090909090909
R1156_conformation1_model3.pdb,ode,3,111.0,0.909090909090909
R1156_conformation1_model4.pdb,ode,4,111.0,0.909090909090909
R1156_conformation1_model5.pdb,ode,5,111.0,0.909090909090909
R1156_conformation1_model6.pdb,ode,6,111.0,0.909090909090909
R1156_conformation1_model7.pdb,ode,7,111.0,0.863636363636364
R1156_conformation1_model8.pdb,ode,8,111.0,0.954545454545455
R1156_conformation1_model9.pdb,ode,9,111.0,0.909090909090909
R1156_conformation1_model10.pdb,del,0,112.0,0.869565217391304
R1156_conformation1_model1.pdb,ode,1,112.0,0.91304347826087
R1156_conformation1_model1.pdb_CENTERED.pdb,TER,D,112.0,0.91304347826087
R1156_conformation1_model2.pdb,ode,2,112.0,0.91304347826087
R1156_conformation1_model3.pdb,ode,3,112.0,0.91304347826087
R1156_conformation1_model4.pdb,ode,4,112.0,0.91304347826087
R1156_conformation1_model5.pdb,ode,5,112.0,0.91304347826087
R1156_conformation1_model6.pdb,ode,6,112.0,0.91304347826087
R1156_conformation1_model7.pdb,ode,7,112.0,0.91304347826087
R1156_conformation1_model8.pdb,ode,8,112.0,0.956521739130435
R1156_conformation1_model9.pdb,ode,9,112.0,0.91304347826087
R1156_conformation1_model10.pdb,del,0,113.0,0.91304347826087
R1156_conformation1_model1.pdb,ode,1,113.0,0.956521739130435
R1156_conformation1_model1.pdb_CENTERED.pdb,TER,D,113.0,0.956521739130435
R1156_conformation1_model2.pdb,ode,2,113.0,0.91304347826087
R1156_conformation1_model3.pdb,ode,3,113.0,0.91304347826087
R1156_conformation1_model4.pdb,ode,4,113.0,0.91304347826087
R1156_conformation1_model5.pdb,ode,5,113.0,0.91304347826087
R1156_conformation1_model6.pdb,ode,6,113.0,0.91304347826087
R1156_conformation1_model7.pdb,ode,7,113.0,0.91304347826087
R1156_conformation1_model8.pdb,ode,8,113.0,0.956521739130435
R1156_conformation1_model9.pdb,ode,9,113.0,0.91304347826087
R1156_conformation1_model10.pdb,del,0,114.0,0.869565217391304
R1156_conformation1_model1.pdb,ode,1,114.0,0.869565217391304
R1156_conformation1_model1.pdb_CENTERED.pdb,TER,D,114.0,0.869565217391304
R1156_conformation1_model2.pdb,ode,2,114.0,0.869565217391304
R1156_conformation1_model3.pdb,ode,3,114.0,0.826086956521739
R1156_conformation1_model4.pdb,ode,4,114.0,0.826086956521739
R1156_conformation1_model5.pdb,ode,5,114.0,0.869565217391304
R1156_conformation1_model6.pdb,ode,6,114.0,0.869565217391304
R1156_conformation1_model7.pdb,ode,7,114.0,0.869565217391304
R1156_conformation1_model8.pdb,ode,8,114.0,0.869565217391304
R1156_conformation1_model9.pdb,ode,9,114.0,0.869565217391304
R1156_conformation1_model10.pdb,del,0,115.0,0.782608695652174
R1156_conformation1_model1.pdb,ode,1,115.0,0.826086956521739
R1156_conformation1_model1.pdb_CENTERED.pdb,TER,D,115.0,0.826086956521739
R1156_conformation1_model2.pdb,ode,2,115.0,0.739130434782609
R1156_conformation1_model3.pdb,ode,3,115.0,0.652173913043478
R1156_conformation1_model4.pdb,ode,4,115.0,0.739130434782609
R1156_conformation1_model5.pdb,ode,5,115.0,0.782608695652174
R1156_conformation1_model6.pdb,ode,6,115.0,0.826086956521739
R1156_conformation1_model7.pdb,ode,7,115.0,0.739130434782609
R1156_conformation1_model8.pdb,ode,8,115.0,0.826086956521739
R1156_conformation1_model9.pdb,ode,9,115.0,0.782608695652174
R1156_conformation1_model10.pdb,del,0,116.0,0.75
R1156_conformation1_model1.pdb,ode,1,116.0,0.85
R1156_conformation1_model1.pdb_CENTERED.pdb,TER,D,116.0,0.85
R1156_conformation1_model2.pdb,ode,2,116.0,0.8
R1156_conformation1_model3.pdb,ode,3,116.0,0.85
R1156_conformation1_model4.pdb,ode,4,116.0,0.8
R1156_conformation1_model5.pdb,ode,5,116.0,0.8
R1156_conformation1_model6.pdb,ode,6,116.0,0.8
R1156_conformation1_model7.pdb,ode,7,116.0,0.75
R1156_conformation1_model8.pdb,ode,8,116.0,0.85
R1156_conformation1_model9.pdb,ode,9,116.0,0.85
R1156_conformation1_model10.pdb,del,0,117.0,0.954545454545455
R1156_conformation1_model1.pdb,ode,1,117.0,0.954545454545455
R1156_conformation1_model1.pdb_CENTERED.pdb,TER,D,117.0,0.954545454545455
R1156_conformation1_model2.pdb,ode,2,117.0,0.954545454545455
R1156_conformation1_model3.pdb,ode,3,117.0,0.954545454545455
R1156_conformation1_model4.pdb,ode,4,117.0,0.954545454545455
R1156_conformation1_model5.pdb,ode,5,117.0,0.954545454545455
R1156_conformation1_model6.pdb,ode,6,117.0,0.954545454545455
R1156_conformation1_model7.pdb,ode,7,117.0,0.954545454545455
R1156_conformation1_model8.pdb,ode,8,117.0,0.954545454545455
R1156_conformation1_model9.pdb,ode,9,117.0,0.954545454545455
R1156_conformation1_model10.pdb,del,0,118.0,0.863636363636364
R1156_conformation1_model1.pdb,ode,1,118.0,0.909090909090909
R1156_conformation1_model1.pdb_CENTERED.pdb,TER,D,118.0,0.909090909090909
R1156_conformation1_model2.pdb,ode,2,118.0,0.909090909090909
R1156_conformation1_model3.pdb,ode,3,118.0,0.909090909090909
R1156_conformation1_model4.pdb,ode,4,118.0,0.909090909090909
R1156_conformation1_model5.pdb,ode,5,118.0,0.909090909090909
R1156_conformation1_model6.pdb,ode,6,118.0,0.909090909090909
R1156_conformation1_model7.pdb,ode,7,118.0,0.863636363636364
R1156_conformation1_model8.pdb,ode,8,118.0,0.909090909090909
R1156_conformation1_model9.pdb,ode,9,118.0,0.909090909090909
R1156_conformation1_model10.pdb,del,0,119.0,0.826086956521739
R1156_conformation1_model1.pdb,ode,1,119.0,0.91304347826087
R1156_conformation1_model1.pdb_CENTERED.pdb,TER,D,119.0,0.91304347826087
R1156_conformation1_model2.pdb,ode,2,119.0,0.826086956521739
R1156_conformation1_model3.pdb,ode,3,119.0,0.826086956521739
R1156_conformation1_model4.pdb,ode,4,119.0,0.826086956521739
R1156_conformation1_model5.pdb,ode,5,119.0,0.826086956521739
R1156_conformation1_model6.pdb,ode,6,119.0,0.826086956521739
R1156_conformation1_model7.pdb,ode,7,119.0,0.826086956521739
R1156_conformation1_model8.pdb,ode,8,119.0,0.826086956521739
R1156_conformation1_model9.pdb,ode,9,119.0,0.826086956521739
R1156_conformation1_model10.pdb,del,0,120.0,0.9
R1156_conformation1_model1.pdb,ode,1,120.0,0.95
R1156_conformation1_model1.pdb_CENTERED.pdb,TER,D,120.0,0.95
R1156_conformation1_model2.pdb,ode,2,120.0,0.9
R1156_conformation1_model3.pdb,ode,3,120.0,0.95
R1156_conformation1_model4.pdb,ode,4,120.0,0.95
R1156_conformation1_model5.pdb,ode,5,120.0,0.95
R1156_conformation1_model6.pdb,ode,6,120.0,0.95
R1156_conformation1_model7.pdb,ode,7,120.0,0.9
R1156_conformation1_model8.pdb,ode,8,120.0,0.95
R1156_conformation1_model9.pdb,ode,9,120.0,0.95
R1156_conformation1_model10.pdb,del,0,121.0,0.863636363636364
R1156_conformation1_model1.pdb,ode,1,121.0,0.863636363636364
R1156_conformation1_model1.pdb_CENTERED.pdb,TER,D,121.0,0.863636363636364
R1156_conformation1_model2.pdb,ode,2,121.0,0.863636363636364
R1156_conformation1_model3.pdb,ode,3,121.0,0.863636363636364
R1156_conformation1_model4.pdb,ode,4,121.0,0.863636363636364
R1156_conformation1_model5.pdb,ode,5,121.0,0.863636363636364
R1156_conformation1_model6.pdb,ode,6,121.0,0.863636363636364
R1156_conformation1_model7.pdb,ode,7,121.0,0.863636363636364
R1156_conformation1_model8.pdb,ode,8,121.0,0.863636363636364
R1156_conformation1_model9.pdb,ode,9,121.0,0.863636363636364
R1156_conformation1_model10.pdb,del,0,122.0,1.0
R1156_conformation1_model1.pdb,ode,1,122.0,1.0
R1156_conformation1_model1.pdb_CENTERED.pdb,TER,D,122.0,1.0
R1156_conformation1_model2.pdb,ode,2,122.0,0.9
R1156_conformation1_model3.pdb,ode,3,122.0,0.95
R1156_conformation1_model4.pdb,ode,4,122.0,0.95
R1156_conformation1_model5.pdb,ode,5,122.0,1.0
R1156_conformation1_model6.pdb,ode,6,122.0,0.95
R1156_conformation1_model7.pdb,ode,7,122.0,0.95
R1156_conformation1_model8.pdb,ode,8,122.0,1.0
R1156_conformation1_model9.pdb,ode,9,122.0,0.95
R1156_conformation1_model10.pdb,del,0,123.0,0.954545454545455
R1156_conformation1_model1.pdb,ode,1,123.0,1.0
R1156_conformation1_model1.pdb_CENTERED.pdb,TER,D,123.0,1.0
R1156_conformation1_model2.pdb,ode,2,123.0,0.954545454545455
R1156_conformation1_model3.pdb,ode,3,123.0,0.954545454545455
R1156_conformation1_model4.pdb,ode,4,123.0,0.954545454545455
R1156_conformation1_model5.pdb,ode,5,123.0,1.0
R1156_conformation1_model6.pdb,ode,6,123.0,0.954545454545455
R1156_conformation1_model7.pdb,ode,7,123.0,0.954545454545455
R1156_conformation1_model8.pdb,ode,8,123.0,1.0
R1156_conformation1_model9.pdb,ode,9,123.0,0.954545454545455
R1156_conformation1_model10.pdb,del,0,124.0,0.91304347826087
R1156_conformation1_model1.pdb,ode,1,124.0,0.91304347826087
R1156_conformation1_model1.pdb_CENTERED.pdb,TER,D,124.0,0.91304347826087
R1156_conformation1_model2.pdb,ode,2,124.0,0.91304347826087
R1156_conformation1_model3.pdb,ode,3,124.0,0.91304347826087
R1156_conformation1_model4.pdb,ode,4,124.0,0.956521739130435
R1156_conformation1_model5.pdb,ode,5,124.0,0.91304347826087
R1156_conformation1_model6.pdb,ode,6,124.0,0.91304347826087
R1156_conformation1_model7.pdb,ode,7,124.0,1.0
R1156_conformation1_model8.pdb,ode,8,124.0,0.91304347826087
R1156_conformation1_model9.pdb,ode,9,124.0,0.956521739130435
R1156_conformation1_model10.pdb,del,0,125.0,0.909090909090909
R1156_conformation1_model1.pdb,ode,1,125.0,0.863636363636364
R1156_conformation1_model1.pdb_CENTERED.pdb,TER,D,125.0,0.863636363636364
R1156_conformation1_model2.pdb,ode,2,125.0,0.909090909090909
R1156_conformation1_model3.pdb,ode,3,125.0,0.863636363636364
R1156_conformation1_model4.pdb,ode,4,125.0,0.863636363636364
R1156_conformation1_model5.pdb,ode,5,125.0,0.909090909090909
R1156_conformation1_model6.pdb,ode,6,125.0,0.863636363636364
R1156_conformation1_model7.pdb,ode,7,125.0,0.909090909090909
R1156_conformation1_model8.pdb,ode,8,125.0,0.863636363636364
R1156_conformation1_model9.pdb,ode,9,125.0,0.909090909090909
R1156_conformation1_model10.pdb,del,0,126.0,0.91304347826087
R1156_conformation1_model1.pdb,ode,1,126.0,0.91304347826087
R1156_conformation1_model1.pdb_CENTERED.pdb,TER,D,126.0,0.91304347826087
R1156_conformation1_model2.pdb,ode,2,126.0,0.956521739130435
R1156_conformation1_model3.pdb,ode,3,126.0,0.869565217391304
R1156_conformation1_model4.pdb,ode,4,126.0,0.869565217391304
R1156_conformation1_model5.pdb,ode,5,126.0,0.91304347826087
R1156_conformation1_model6.pdb,ode,6,126.0,0.91304347826087
R1156_conformation1_model7.pdb,ode,7,126.0,0.91304347826087
R1156_conformation1_model8.pdb,ode,8,126.0,0.91304347826087
R1156_conformation1_model9.pdb,ode,9,126.0,0.91304347826087
R1156_conformation1_model10.pdb,del,0,127.0,1.0
R1156_conformation1_model1.pdb,ode,1,127.0,1.0
R1156_conformation1_model1.pdb_CENTERED.pdb,TER,D,127.0,1.0
R1156_conformation1_model2.pdb,ode,2,127.0,0.95
R1156_conformation1_model3.pdb,ode,3,127.0,0.95
R1156_conformation1_model4.pdb,ode,4,127.0,0.9
R1156_conformation1_model5.pdb,ode,5,127.0,1.0
R1156_conformation1_model6.pdb,ode,6,127.0,1.0
R1156_conformation1_model7.pdb,ode,7,127.0,1.0
R1156_conformation1_model8.pdb,ode,8,127.0,0.95
R1156_conformation1_model9.pdb,ode,9,127.0,1.0
R1156_conformation1_model10.pdb,del,0,128.0,1.0
R1156_conformation1_model1.pdb,ode,1,128.0,1.0
R1156_conformation1_model1.pdb_CENTERED.pdb,TER,D,128.0,1.0
R1156_conformation1_model2.pdb,ode,2,128.0,1.0
R1156_conformation1_model3.pdb,ode,3,128.0,1.0
R1156_conformation1_model4.pdb,ode,4,128.0,1.0
R1156_conformation1_model5.pdb,ode,5,128.0,1.0
R1156_conformation1_model6.pdb,ode,6,128.0,1.0
R1156_conformation1_model7.pdb,ode,7,128.0,1.0
R1156_conformation1_model8.pdb,ode,8,128.0,1.0
R1156_conformation1_model9.pdb,ode,9,128.0,1.0
R1156_conformation1_model10.pdb,del,0,129.0,0.956521739130435
R1156_conformation1_model1.pdb,ode,1,129.0,0.91304347826087
R1156_conformation1_model1.pdb_CENTERED.pdb,TER,D,129.0,0.91304347826087
R1156_conformation1_model2.pdb,ode,2,129.0,0.956521739130435
R1156_conformation1_model3.pdb,ode,3,129.0,0.956521739130435
R1156_conformation1_model4.pdb,ode,4,129.0,0.91304347826087
R1156_conformation1_model5.pdb,ode,5,129.0,0.956521739130435
R1156_conformation1_model6.pdb,ode,6,129.0,0.956521739130435
R1156_conformation1_model7.pdb,ode,7,129.0,0.956521739130435
R1156_conformation1_model8.pdb,ode,8,129.0,0.956521739130435
R1156_conformation1_model9.pdb,ode,9,129.0,0.956521739130435
R1156_conformation1_model10.pdb,del,0,130.0,0.863636363636364
R1156_conformation1_model1.pdb,ode,1,130.0,0.863636363636364
R1156_conformation1_model1.pdb_CENTERED.pdb,TER,D,130.0,0.863636363636364
R1156_conformation1_model2.pdb,ode,2,130.0,0.863636363636364
R1156_conformation1_model3.pdb,ode,3,130.0,0.863636363636364
R1156_conformation1_model4.pdb,ode,4,130.0,0.863636363636364
R1156_conformation1_model5.pdb,ode,5,130.0,0.863636363636364
R1156_conformation1_model6.pdb,ode,6,130.0,0.863636363636364
R1156_conformation1_model7.pdb,ode,7,130.0,0.863636363636364
R1156_conformation1_model8.pdb,ode,8,130.0,0.863636363636364
R1156_conformation1_model9.pdb,ode,9,130.0,0.863636363636364
R1156_conformation1_model10.pdb,del,0,131.0,0.521739130434783
R1156_conformation1_model1.pdb,ode,1,131.0,0.739130434782609
R1156_conformation1_model1.pdb_CENTERED.pdb,TER,D,131.0,0.739130434782609
R1156_conformation1_model2.pdb,ode,2,131.0,0.782608695652174
R1156_conformation1_model3.pdb,ode,3,131.0,0.565217391304348
R1156_conformation1_model4.pdb,ode,4,131.0,0.565217391304348
R1156_conformation1_model5.pdb,ode,5,131.0,0.739130434782609
R1156_conformation1_model6.pdb,ode,6,131.0,0.739130434782609
R1156_conformation1_model7.pdb,ode,7,131.0,0.695652173913043
R1156_conformation1_model8.pdb,ode,8,131.0,0.782608695652174
R1156_conformation1_model9.pdb,ode,9,131.0,0.782608695652174
R1156_conformation1_model10.pdb,del,0,132.0,0.5
R1156_conformation1_model1.pdb,ode,1,132.0,0.6
R1156_conformation1_model1.pdb_CENTERED.pdb,TER,D,132.0,0.6
R1156_conformation1_model2.pdb,ode,2,132.0,0.6
R1156_conformation1_model3.pdb,ode,3,132.0,0.5
R1156_conformation1_model4.pdb,ode,4,132.0,0.5
R1156_conformation1_model5.pdb,ode,5,132.0,0.45
R1156_conformation1_model6.pdb,ode,6,132.0,0.5
R1156_conformation1_model7.pdb,ode,7,132.0,0.45
R1156_conformation1_model8.pdb,ode,8,132.0,0.6
R1156_conformation1_model9.pdb,ode,9,132.0,0.6
R1156_conformation1_model10.pdb,del,0,133.0,0.55
R1156_conformation1_model1.pdb,ode,1,133.0,0.5
R1156_conformation1_model1.pdb_CENTERED.pdb,TER,D,133.0,0.5
R1156_conformation1_model2.pdb,ode,2,133.0,0.55
R1156_conformation1_model3.pdb,ode,3,133.0,0.45
R1156_conformation1_model4.pdb,ode,4,133.0,0.4
R1156_conformation1_model5.pdb,ode,5,133.0,0.45
R1156_conformation1_model6.pdb,ode,6,133.0,0.45
R1156_conformation1_model7.pdb,ode,7,133.0,0.45
R1156_conformation1_model8.pdb,ode,8,133.0,0.5
R1156_conformation1_model9.pdb,ode,9,133.0,0.5
R1156_conformation1_model10.pdb,del,0,134.0,0.45
R1156_conformation1_model1.pdb,ode,1,134.0,0.4
R1156_conformation1_model1.pdb_CENTERED.pdb,TER,D,134.0,0.4
R1156_conformation1_model2.pdb,ode,2,134.0,0.4
R1156_conformation1_model3.pdb,ode,3,134.0,0.4
R1156_conformation1_model4.pdb,ode,4,134.0,0.45
R1156_conformation1_model5.pdb,ode,5,134.0,0.4
R1156_conformation1_model6.pdb,ode,6,134.0,0.4
R1156_conformation1_model7.pdb,ode,7,134.0,0.4
R1156_conformation1_model8.pdb,ode,8,134.0,0.4
R1156_conformation1_model9.pdb,ode,9,134.0,0.4
R1156_conformation1_model10.pdb,del,0,135.0,0.0
R1156_conformation1_model1.pdb,ode,1,135.0,0.0
R1156_conformation1_model1.pdb_CENTERED.pdb,TER,D,135.0,0.0
R1156_conformation1_model2.pdb,ode,2,135.0,0.0
R1156_conformation1_model3.pdb,ode,3,135.0,0.0
R1156_conformation1_model4.pdb,ode,4,135.0,0.1
R1156_conformation1_model5.pdb,ode,5,135.0,0.0
R1156_conformation1_model6.pdb,ode,6,135.0,0.0
R1156_conformation1_model7.pdb,ode,7,135.0,0.0
R1156_conformation1_model8.pdb,ode,8,135.0,0.0
R1156_conformation1_model9.pdb,ode,9,135.0,0.0
